wav_path|text|emb_id|style_target
/l/disk1/awstebas/data/TTS/vozes_sync/Adriana/beta/expressivo_animado_rf/wav16/expressivo_animado_rf0061.wav|os leitores podem colaborar com esta rodada do jogo .|adriana|t_eps_animado_rf
/l/disk1/awstebas/data/TTS/vozes_sync/Adriana/beta/expressivo_animado/wav16/expressivo_animado0060.wav|e a notã­cia boa ã© que o raio x mostra que estã¡ tudo bem com seus pulmãµes .|adriana|t_eps_animado_rf
/l/disk1/awstebas/data/TTS/vozes_sync/Adriana/beta/expressivo_animado/wav16/expressivo_animado0059.wav|ã‰ impossã­vel nã£o gostar da histã³ria de amor de lino e ateneia .|adriana|t_eps_animado_rf
/l/disk1/awstebas/data/TTS/vozes_sync/Adriana/beta/expressivo_animado_rf/wav16/expressivo_animado_rf0113.wav|se for ao reino da sibã©ria , busca ajuda da igreja americana .|adriana|t_eps_animado_rf
/l/disk1/awstebas/data/TTS/vozes_sync/Adriana/beta/expressivo_animado_rf/wav16/expressivo_animado_rf0182.wav|jãºnior , que investiga a guerra civil carioca .|adriana|t_eps_animado_rf
/l/disk1/awstebas/data/TTS/vozes_sync/Adriana/beta/expressivo_animado_rf/wav16/expressivo_animado_rf0148.wav|a carta de pero vaz de caminha ã© o principal registro histã³rico do descobrimento .|adriana|t_eps_animado_rf
/l/disk1/awstebas/data/TTS/vozes_sync/Adriana/beta/expressivo_animado/wav16/expressivo_animado0092.wav|se vocãª quiser eu peã§o pra ele te ajudar a conseguir aquele emprego .|adriana|t_eps_animado_rf
/l/disk1/awstebas/data/TTS/vozes_sync/Adriana/beta/expressivo_animado_rf/wav16/expressivo_animado_rf0201.wav|o talibã£ lanã§ou uma ofensiva ontem .|adriana|t_eps_animado_rf
/l/disk1/awstebas/data/TTS/vozes_sync/Adriana/beta/expressivo_animado/wav16/expressivo_animado0011.wav|esta ã© a histã³ria de uma linda princesa que se perde na floresta e acaba sendo resgatada pelo prã­ncipe .|adriana|t_eps_animado_rf
/l/disk1/awstebas/data/TTS/vozes_sync/Adriana/beta/expressivo_animado_rf/wav16/expressivo_animado_rf0204.wav|irmã£ responde <pa/> ao repã³rter da emissora .|adriana|t_eps_animado_rf
/l/disk1/awstebas/data/TTS/vozes_sync/Adriana/beta/expressivo_animado_rf/wav16/expressivo_animado_rf0086.wav|ã‰ isso mesmo que vinha dizendo o grupo islã¢mico hamas .|adriana|t_eps_animado_rf
/l/disk1/awstebas/data/TTS/vozes_sync/Adriana/beta/expressivo_animado_rf/wav16/expressivo_animado_rf0089.wav|do cã¢mbio seguinte atã© abril .|adriana|t_eps_animado_rf
/l/disk1/awstebas/data/TTS/vozes_sync/Adriana/beta/expressivo_animado_rf/wav16/expressivo_animado_rf0024.wav|serviram alguns salgadinhos e chã¡ de hortelã£ .|adriana|t_eps_animado_rf
/l/disk1/awstebas/data/TTS/vozes_sync/Adriana/beta/expressivo_animado/wav16/expressivo_animado0115.wav|faremos um passeio pela chapada dos guimarã£es , e depois um piquenique para descansar .|adriana|t_eps_animado_rf
/l/disk1/awstebas/data/TTS/vozes_sync/Adriana/beta/expressivo_animado_rf/wav16/expressivo_animado_rf0074.wav|o caso foi registrado no julgamento .|adriana|t_eps_animado_rf
/l/disk1/awstebas/data/TTS/vozes_sync/Adriana/beta/expressivo_animado/wav16/expressivo_animado0035.wav|temos tudo que vocãª precisa para deixar sua casa mais linda , e vocãª mais feliz .|adriana|t_eps_animado_rf
/l/disk1/awstebas/data/TTS/vozes_sync/Adriana/beta/expressivo_animado_rf/wav16/expressivo_animado_rf0166.wav|siga o twã­tter pelo feicebook .|adriana|t_eps_animado_rf
/l/disk1/awstebas/data/TTS/vozes_sync/Adriana/beta/expressivo_animado_rf/wav16/expressivo_animado_rf0205.wav|tentou criar um reino unido e sustentã¡vel .|adriana|t_eps_animado_rf
/l/disk1/awstebas/data/TTS/vozes_sync/Adriana/beta/expressivo_animado/wav16/expressivo_animado0132.wav|venha para nossa loja e aproveite as promoã§ãµes do dia dos pais .|adriana|t_eps_animado_rf
/l/disk1/awstebas/data/TTS/vozes_sync/Adriana/beta/expressivo_animado/wav16/expressivo_animado0064.wav|por cada dia de estadia vai ganhar um bã´nus de 50 reais para gastar como quiser .|adriana|t_eps_animado_rf
/l/disk1/awstebas/data/TTS/vozes_sync/Adriana/beta/expressivo_animado_rf/wav16/expressivo_animado_rf0155.wav|antã´nio torna o game tranquilo .|adriana|t_eps_animado_rf
/l/disk1/awstebas/data/TTS/vozes_sync/Adriana/beta/expressivo_animado/wav16/expressivo_animado0128.wav|a cirurgia nã£o dã³i e a recuperaã§ã£o ã© muito rã¡pida .|adriana|t_eps_animado_rf
/l/disk1/awstebas/data/TTS/vozes_sync/Adriana/beta/expressivo_animado_rf/wav16/expressivo_animado_rf0084.wav|em belo horizonte , o prãªmio acumulou .|adriana|t_eps_animado_rf
/l/disk1/awstebas/data/TTS/vozes_sync/Adriana/beta/expressivo_animado/wav16/expressivo_animado0121.wav|olha que legal ! a farinha de trigo renata estã¡ enriquecida com ferro e ã¡cido fã³lico .|adriana|t_eps_animado_rf
/l/disk1/awstebas/data/TTS/vozes_sync/Adriana/beta/expressivo_animado_rf/wav16/expressivo_animado_rf0133.wav|joã£o cã¢ndido chegou logo a seguir , em segundo lugar .|adriana|t_eps_animado_rf
/l/disk1/awstebas/data/TTS/vozes_sync/Adriana/beta/expressivo_animado/wav16/expressivo_animado0030.wav|o preã§o nã£o ã© tã£o importante quanto o valor que tem .|adriana|t_eps_animado_rf
/l/disk1/awstebas/data/TTS/vozes_sync/Adriana/beta/expressivo_animado/wav16/expressivo_animado0042.wav|maria helena estã¡ tã£o feliz agora que sabe que estã¡ grã¡vida .|adriana|t_eps_animado_rf
/l/disk1/awstebas/data/TTS/vozes_sync/Adriana/beta/expressivo_animado_rf/wav16/expressivo_animado_rf0044.wav|ã‰ como disputar uma prova para retirar as pessoas .|adriana|t_eps_animado_rf
/l/disk1/awstebas/data/TTS/vozes_sync/Adriana/beta/expressivo_animado_rf/wav16/expressivo_animado_rf0096.wav|joã£o diz que , em curitiba , obteve os mã­sseis do ataque .|adriana|t_eps_animado_rf
/l/disk1/awstebas/data/TTS/vozes_sync/Adriana/beta/expressivo_animado_rf/wav16/expressivo_animado_rf0076.wav|desde o inã­cio , viu as projeã§ãµes para os meninos de rua .|adriana|t_eps_animado_rf
/l/disk1/awstebas/data/TTS/vozes_sync/Adriana/beta/expressivo_animado_rf/wav16/expressivo_animado_rf0070.wav|nã£o consegue uma audiãªncia pãºblica no s t f .|adriana|t_eps_animado_rf
/l/disk1/awstebas/data/TTS/vozes_sync/Adriana/beta/expressivo_animado/wav16/expressivo_animado0093.wav|e a melhor notã­cia de hoje foi saber que julia ganhou uma bolsa de estudos .|adriana|t_eps_animado_rf
/l/disk1/awstebas/data/TTS/vozes_sync/Adriana/beta/expressivo_animado/wav16/expressivo_animado0008.wav|ã‰ um serviã§o de primeira , que deixarã¡ vocãª muito feliz .|adriana|t_eps_animado_rf
/l/disk1/awstebas/data/TTS/vozes_sync/Adriana/beta/expressivo_animado_rf/wav16/expressivo_animado_rf0224.wav|o torcedor foi recebido em almoã§o no canadã¡ .|adriana|t_eps_animado_rf
/l/disk1/awstebas/data/TTS/vozes_sync/Adriana/beta/expressivo_animado/wav16/expressivo_animado0111.wav|cada vez que mateus diz isso beatriz sente arrepios .|adriana|t_eps_animado_rf
/l/disk1/awstebas/data/TTS/vozes_sync/Adriana/beta/expressivo_animado_rf/wav16/expressivo_animado_rf0125.wav|ganhou a quina e vã£o levar 4 milhãµes .|adriana|t_eps_animado_rf
/l/disk1/awstebas/data/TTS/vozes_sync/Adriana/beta/expressivo_animado_rf/wav16/expressivo_animado_rf0005.wav|o discurso de encerramento foi brilhante .|adriana|t_eps_animado_rf
/l/disk1/awstebas/data/TTS/vozes_sync/Adriana/beta/expressivo_animado/wav16/expressivo_animado0023.wav|impossã­vel nã£o se apaixonar por alguã©m tã£o meigo e educado .|adriana|t_eps_animado_rf
/l/disk1/awstebas/data/TTS/vozes_sync/Adriana/beta/expressivo_animado_rf/wav16/expressivo_animado_rf0053.wav|o projeto de fazer economia na regiã£o de santos , na ã©poca , nã£o deu em nada .|adriana|t_eps_animado_rf
/l/disk1/awstebas/data/TTS/vozes_sync/Adriana/beta/expressivo_animado/wav16/expressivo_animado0088.wav|nã£o assista jornais e seja feliz .|adriana|t_eps_animado_rf
/l/disk1/awstebas/data/TTS/vozes_sync/Adriana/beta/expressivo_animado_rf/wav16/expressivo_animado_rf0110.wav|sem reservas , lia sobre os recursos naturais .|adriana|t_eps_animado_rf
/l/disk1/awstebas/data/TTS/vozes_sync/Adriana/beta/expressivo_animado_rf/wav16/expressivo_animado_rf0170.wav|roubar sem barulho , ou quadrilha .|adriana|t_eps_animado_rf
/l/disk1/awstebas/data/TTS/vozes_sync/Adriana/beta/expressivo_animado/wav16/expressivo_animado0137.wav|esse aplicativo para encontrar o melhor caminho de carro , ã© mã¡gico .|adriana|t_eps_animado_rf
/l/disk1/awstebas/data/TTS/vozes_sync/Adriana/beta/expressivo_animado_rf/wav16/expressivo_animado_rf0097.wav|nã£o houve tempo e a venda finalizou .|adriana|t_eps_animado_rf
/l/disk1/awstebas/data/TTS/vozes_sync/Adriana/beta/expressivo_animado_rf/wav16/expressivo_animado_rf0165.wav|defensor de ronaldinho continua sendo fundamental .|adriana|t_eps_animado_rf
/l/disk1/awstebas/data/TTS/vozes_sync/Adriana/beta/expressivo_animado/wav16/expressivo_animado0081.wav|eu sei que alã©xia vai conseguir essa promoã§ã£o porque nã£o tem ninguã©m como ela na empresa .|adriana|t_eps_animado_rf
/l/disk1/awstebas/data/TTS/vozes_sync/Adriana/beta/expressivo_animado_rf/wav16/expressivo_animado_rf0136.wav|na campanha , o clima interno ã© o pior exemplo .|adriana|t_eps_animado_rf
/l/disk1/awstebas/data/TTS/vozes_sync/Adriana/beta/expressivo_animado/wav16/expressivo_animado0077.wav|toda vez que te ouã§o , meu coraã§ã£o bate mais rã¡pido .|adriana|t_eps_animado_rf
/l/disk1/awstebas/data/TTS/vozes_sync/Adriana/beta/expressivo_animado_rf/wav16/expressivo_animado_rf0193.wav|eu me sinto capaz de assumir esse mandato .|adriana|t_eps_animado_rf
/l/disk1/awstebas/data/TTS/vozes_sync/Adriana/beta/expressivo_animado/wav16/expressivo_animado0116.wav|que vontade de ver vocãª novamente e te contar sobre a carol .|adriana|t_eps_animado_rf
/l/disk1/awstebas/data/TTS/vozes_sync/Adriana/beta/expressivo_animado_rf/wav16/expressivo_animado_rf0214.wav|as luzes da rua devem ser apagadas ã s vinte e duas horas .|adriana|t_eps_animado_rf
/l/disk1/awstebas/data/TTS/vozes_sync/Adriana/beta/expressivo_animado_rf/wav16/expressivo_animado_rf0173.wav|tinham exames na ã©poca do globo .|adriana|t_eps_animado_rf
/l/disk1/awstebas/data/TTS/vozes_sync/Adriana/beta/expressivo_animado_rf/wav16/expressivo_animado_rf0192.wav|provocou os amigos e os chamou para conversar .|adriana|t_eps_animado_rf
/l/disk1/awstebas/data/TTS/vozes_sync/Adriana/beta/expressivo_animado_rf/wav16/expressivo_animado_rf0003.wav|vã¡rios atletas tiveram um desempenho muito abaixo do esperado .|adriana|t_eps_animado_rf
/l/disk1/awstebas/data/TTS/vozes_sync/Adriana/beta/expressivo_animado_rf/wav16/expressivo_animado_rf0108.wav|por lavagem de dinheiro , acabou em oito prisãµes .|adriana|t_eps_animado_rf
/l/disk1/awstebas/data/TTS/vozes_sync/Adriana/beta/expressivo_animado_rf/wav16/expressivo_animado_rf0036.wav|nos ãºltimos cinco ou seis meses , nã£o se pronunciaram nas redes cibernã©ticas .|adriana|t_eps_animado_rf
/l/disk1/awstebas/data/TTS/vozes_sync/Adriana/beta/expressivo_animado/wav16/expressivo_animado0072.wav|a partir de agora , e por duas horas , ouvirã¡ o melhor da mãºsica dos anos 70 .|adriana|t_eps_animado_rf
/l/disk1/awstebas/data/TTS/vozes_sync/Adriana/beta/expressivo_animado/wav16/expressivo_animado0143.wav|que legal que podemos contar com vocãª nessa empreitada .|adriana|t_eps_animado_rf
/l/disk1/awstebas/data/TTS/vozes_sync/Adriana/beta/expressivo_animado/wav16/expressivo_animado0005.wav|se vocãª quiser , eu passo pela sua casa hoje de tarde e levo o mostruã¡rio pra escolher o tecido .|adriana|t_eps_animado_rf
/l/disk1/awstebas/data/TTS/vozes_sync/Adriana/beta/expressivo_animado/wav16/expressivo_animado0065.wav|essa novela ã© apaixonante . nã£o consigo deixar de ler .|adriana|t_eps_animado_rf
/l/disk1/awstebas/data/TTS/vozes_sync/Adriana/beta/expressivo_animado_rf/wav16/expressivo_animado_rf0068.wav|votos para o mã©dico do hospital das clã­nicas de mato grosso .|adriana|t_eps_animado_rf
/l/disk1/awstebas/data/TTS/vozes_sync/Adriana/beta/expressivo_animado/wav16/expressivo_animado0122.wav|hoje vamos jantar na padaria di cã¡pri , pra tomar sopas gostosas e quentinhas .|adriana|t_eps_animado_rf
/l/disk1/awstebas/data/TTS/vozes_sync/Adriana/beta/expressivo_animado/wav16/expressivo_animado0101.wav|e agora vocãª consegue o pacote promocional a preã§os que nunca viu .|adriana|t_eps_animado_rf
/l/disk1/awstebas/data/TTS/vozes_sync/Adriana/beta/expressivo_animado_rf/wav16/expressivo_animado_rf0210.wav|o decreto ã© superior ã  vontade individual .|adriana|t_eps_animado_rf
/l/disk1/awstebas/data/TTS/vozes_sync/Adriana/beta/expressivo_animado/wav16/expressivo_animado0056.wav|atravã©s da janela vejo balanã§ar as folhas das ã¡rvores .|adriana|t_eps_animado_rf
/l/disk1/awstebas/data/TTS/vozes_sync/Adriana/beta/expressivo_animado/wav16/expressivo_animado0012.wav|o filme ã© muito bonito e tem chance de ganhar vã¡rios prãªmios .|adriana|t_eps_animado_rf
/l/disk1/awstebas/data/TTS/vozes_sync/Adriana/beta/expressivo_animado_rf/wav16/expressivo_animado_rf0030.wav|nasceu em 1934 , pelas mã£os de parteira domiciliar .|adriana|t_eps_animado_rf
/l/disk1/awstebas/data/TTS/vozes_sync/Adriana/beta/expressivo_animado/wav16/expressivo_animado0046.wav|o desconto ã© maior do que vocãª imagina .|adriana|t_eps_animado_rf
/l/disk1/awstebas/data/TTS/vozes_sync/Adriana/beta/expressivo_animado/wav16/expressivo_animado0068.wav|e a melhor parte ã© que ela disse sim na mesma hora .|adriana|t_eps_animado_rf
/l/disk1/awstebas/data/TTS/vozes_sync/Adriana/beta/expressivo_animado/wav16/expressivo_animado0018.wav|ã‰ impossã­vel nã£o gostar de uma pessoa como ela; tã£o doce e educada .|adriana|t_eps_animado_rf
/l/disk1/awstebas/data/TTS/vozes_sync/Adriana/beta/expressivo_animado_rf/wav16/expressivo_animado_rf0079.wav|vã¡rias fã¡bricas fecharam com o aumento da pirataria .|adriana|t_eps_animado_rf
/l/disk1/awstebas/data/TTS/vozes_sync/Adriana/beta/expressivo_animado_rf/wav16/expressivo_animado_rf0031.wav|a implantaã§ã£o de uma rede de identificaã§ã£o comeã§ou neste trimestre .|adriana|t_eps_animado_rf
/l/disk1/awstebas/data/TTS/vozes_sync/Adriana/beta/expressivo_animado/wav16/expressivo_animado0135.wav|a cada 100 reais gastos nossos clientes ganham um bã´nus de 5 reais para usar nas prã³ximas compras .|adriana|t_eps_animado_rf
/l/disk1/awstebas/data/TTS/vozes_sync/Adriana/beta/expressivo_animado_rf/wav16/expressivo_animado_rf0146.wav|juros pela taxa selic acumulada , afetarã£o a economia global .|adriana|t_eps_animado_rf
/l/disk1/awstebas/data/TTS/vozes_sync/Adriana/beta/expressivo_animado/wav16/expressivo_animado0034.wav|um cã¡lice de vinho tinto faz bem para o coraã§ã£o e para a alma .|adriana|t_eps_animado_rf
/l/disk1/awstebas/data/TTS/vozes_sync/Adriana/beta/expressivo_animado/wav16/expressivo_animado0138.wav|se vocãª ainda nã£o viu como funciona , baixe e se apaixone logo .|adriana|t_eps_animado_rf
/l/disk1/awstebas/data/TTS/vozes_sync/Adriana/beta/expressivo_animado_rf/wav16/expressivo_animado_rf0187.wav|laura e cã©sar entendem os bebãªs dos vizinhos .|adriana|t_eps_animado_rf
/l/disk1/awstebas/data/TTS/vozes_sync/Adriana/beta/expressivo_animado_rf/wav16/expressivo_animado_rf0009.wav|o chefe do partido assumiu uma postura otimista durante a campanha eleitoral .|adriana|t_eps_animado_rf
/l/disk1/awstebas/data/TTS/vozes_sync/Adriana/beta/expressivo_animado/wav16/expressivo_animado0045.wav|a melhor sobremesa que eles tem ã© o sorvete de creme com calda de chocolate quente .|adriana|t_eps_animado_rf
/l/disk1/awstebas/data/TTS/vozes_sync/Adriana/beta/expressivo_animado/wav16/expressivo_animado0024.wav|quando chegar o verã£o vamos viajar para a praia com a mariana .|adriana|t_eps_animado_rf
/l/disk1/awstebas/data/TTS/vozes_sync/Adriana/beta/expressivo_animado_rf/wav16/expressivo_animado_rf0119.wav|serã£o visitados china , formosa , panamã¡ , paraguai , e venezuela .|adriana|t_eps_animado_rf
/l/disk1/awstebas/data/TTS/vozes_sync/Adriana/beta/expressivo_animado/wav16/expressivo_animado0082.wav|vou ganhar um cachorrinho de natal e jã¡ sei que nome vou dar pra ele .|adriana|t_eps_animado_rf
/l/disk1/awstebas/data/TTS/vozes_sync/Adriana/beta/expressivo_animado_rf/wav16/expressivo_animado_rf0092.wav|as vã­timas acreditam que o seu agressor nã£o resistiu e morreu .|adriana|t_eps_animado_rf
/l/disk1/awstebas/data/TTS/vozes_sync/Adriana/beta/expressivo_animado_rf/wav16/expressivo_animado_rf0137.wav|ganho de petrã³leo e gã¡s , do grupo <pa/> ebx , no mãªs que vem .|adriana|t_eps_animado_rf
/l/disk1/awstebas/data/TTS/vozes_sync/Adriana/beta/expressivo_animado/wav16/expressivo_animado0144.wav|sabia que vocãª viria . e estamos de braã§os abertos para recebãª-la .|adriana|t_eps_animado_rf
/l/disk1/awstebas/data/TTS/vozes_sync/Adriana/beta/expressivo_animado/wav16/expressivo_animado0107.wav|vamos ficar acordados atã© colocar nossa conversa em dia .|adriana|t_eps_animado_rf
/l/disk1/awstebas/data/TTS/vozes_sync/Adriana/beta/expressivo_animado/wav16/expressivo_animado0026.wav|se vocãª abrir uma conta em nosso banco , vai ganhar um cartã£o de crã©dito grã¡tis .|adriana|t_eps_animado_rf
/l/disk1/awstebas/data/TTS/vozes_sync/Adriana/beta/expressivo_animado/wav16/expressivo_animado0022.wav|essa festa tã¡ demais , mesmo que tenha organizado ã s pressas .|adriana|t_eps_animado_rf
/l/disk1/awstebas/data/TTS/vozes_sync/Adriana/beta/expressivo_animado_rf/wav16/expressivo_animado_rf0051.wav|a delegaã§ã£o estava presente em campos do jordã£o .|adriana|t_eps_animado_rf
/l/disk1/awstebas/data/TTS/vozes_sync/Adriana/beta/expressivo_animado_rf/wav16/expressivo_animado_rf0069.wav|com o apoio do jornal e do uol , foi uma tentativa de combater a corrupã§ã£o .|adriana|t_eps_animado_rf
/l/disk1/awstebas/data/TTS/vozes_sync/Adriana/beta/expressivo_animado_rf/wav16/expressivo_animado_rf0034.wav|o valor da habitaã§ã£o brasileira subiu para a construtora de brasã­lia .|adriana|t_eps_animado_rf
/l/disk1/awstebas/data/TTS/vozes_sync/Adriana/beta/expressivo_animado_rf/wav16/expressivo_animado_rf0073.wav|o plano real vale para empresa internacional , inclusive .|adriana|t_eps_animado_rf
/l/disk1/awstebas/data/TTS/vozes_sync/Adriana/beta/expressivo_animado_rf/wav16/expressivo_animado_rf0159.wav|trate essa ã¡rvore com carinho e ela crescerã¡ bonita e vistosa .|adriana|t_eps_animado_rf
/l/disk1/awstebas/data/TTS/vozes_sync/Adriana/beta/expressivo_animado_rf/wav16/expressivo_animado_rf0057.wav|em junho de 1995 , fizeram as duas obras .|adriana|t_eps_animado_rf
/l/disk1/awstebas/data/TTS/vozes_sync/Adriana/beta/expressivo_animado/wav16/expressivo_animado0051.wav|a melhor parte do acordo ã© que as trãªs primeiras parcelas sã£o por conta da construtora .|adriana|t_eps_animado_rf
/l/disk1/awstebas/data/TTS/vozes_sync/Adriana/beta/expressivo_animado/wav16/expressivo_animado0112.wav|e a contaminaã§ã£o ambiental caiu muito com as novas polã­ticas do governo .|adriana|t_eps_animado_rf
/l/disk1/awstebas/data/TTS/vozes_sync/Adriana/beta/expressivo_animado/wav16/expressivo_animado0148.wav|que esse dia seja maravilhoso para vocãª e para os seus .|adriana|t_eps_animado_rf
/l/disk1/awstebas/data/TTS/vozes_sync/Adriana/beta/expressivo_animado_rf/wav16/expressivo_animado_rf0203.wav|admitiu que teve um ataque no jogo de julho .|adriana|t_eps_animado_rf
/l/disk1/awstebas/data/TTS/vozes_sync/Adriana/beta/expressivo_animado_rf/wav16/expressivo_animado_rf0134.wav|de modo que ã© seguro usar o relã³gio de ouro .|adriana|t_eps_animado_rf
/l/disk1/awstebas/data/TTS/vozes_sync/Adriana/beta/expressivo_animado_rf/wav16/expressivo_animado_rf0130.wav|nã£o ter sido rico como o lã­der supremo do irã£ , tem sua vantagem .|adriana|t_eps_animado_rf
/l/disk1/awstebas/data/TTS/vozes_sync/Adriana/beta/expressivo_animado_rf/wav16/expressivo_animado_rf0178.wav|gabinete do inglãªs tem seu nome .|adriana|t_eps_animado_rf
/l/disk1/awstebas/data/TTS/vozes_sync/Adriana/beta/expressivo_animado_rf/wav16/expressivo_animado_rf0226.wav|amigos possã­veis de luiz filipe scolã¡ri .|adriana|t_eps_animado_rf
/l/disk1/awstebas/data/TTS/vozes_sync/Adriana/beta/expressivo_animado_rf/wav16/expressivo_animado_rf0045.wav|governadores da oposiã§ã£o querem reforma tributã¡ria e fiscal .|adriana|t_eps_animado_rf
/l/disk1/awstebas/data/TTS/vozes_sync/Adriana/beta/expressivo_animado/wav16/expressivo_animado0125.wav|o melhor cartã£o de apresentaã§ã£o , ã© seu sorriso maravilhoso .|adriana|t_eps_animado_rf
/l/disk1/awstebas/data/TTS/vozes_sync/Adriana/beta/expressivo_animado_rf/wav16/expressivo_animado_rf0094.wav|observam os caminhãµes levando petrã³leo .|adriana|t_eps_animado_rf
/l/disk1/awstebas/data/TTS/vozes_sync/Adriana/beta/expressivo_animado_rf/wav16/expressivo_animado_rf0128.wav|na usp sugerem que hã¡ droga mais antiga .|adriana|t_eps_animado_rf
/l/disk1/awstebas/data/TTS/vozes_sync/Adriana/beta/expressivo_animado_rf/wav16/expressivo_animado_rf0139.wav|os ingressos custam poucos dã³lares atã© abril .|adriana|t_eps_animado_rf
/l/disk1/awstebas/data/TTS/vozes_sync/Adriana/beta/expressivo_animado_rf/wav16/expressivo_animado_rf0143.wav|leva joaquim ã  turquia <pa/> em duas semanas .|adriana|t_eps_animado_rf
/l/disk1/awstebas/data/TTS/vozes_sync/Adriana/beta/expressivo_animado/wav16/expressivo_animado0090.wav|diga pra ela que ã© sã³ querer que ela consegue; e eu estou torcendo para que seja assim .|adriana|t_eps_animado_rf
/l/disk1/awstebas/data/TTS/vozes_sync/Adriana/beta/expressivo_animado_rf/wav16/expressivo_animado_rf0010.wav|nenhuma indãºstria pode viver permanentemente de subsã­dios .|adriana|t_eps_animado_rf
/l/disk1/awstebas/data/TTS/vozes_sync/Adriana/beta/expressivo_animado/wav16/expressivo_animado0031.wav|prove por 1 mãªs o plano 90 e nunca mais vai querer migrar para outra operadora .|adriana|t_eps_animado_rf
/l/disk1/awstebas/data/TTS/vozes_sync/Adriana/beta/expressivo_animado/wav16/expressivo_animado0108.wav|os preã§os sã£o muito acessã­veis e as facilidades de pagamento tambã©m .|adriana|t_eps_animado_rf
/l/disk1/awstebas/data/TTS/vozes_sync/Adriana/beta/expressivo_animado_rf/wav16/expressivo_animado_rf0142.wav|grife de florianã³polis para a classe mã©dia .|adriana|t_eps_animado_rf
/l/disk1/awstebas/data/TTS/vozes_sync/Adriana/beta/expressivo_animado_rf/wav16/expressivo_animado_rf0040.wav|um modelo com duas operadoras de telecomunicaã§ãµes .|adriana|t_eps_animado_rf
/l/disk1/awstebas/data/TTS/vozes_sync/Adriana/beta/expressivo_animado/wav16/expressivo_animado0003.wav|vocãª ligou para o lugar certo martã­n . vamos tirar todas as suas dãºvidas .|adriana|t_eps_animado_rf
/l/disk1/awstebas/data/TTS/vozes_sync/Adriana/beta/expressivo_animado_rf/wav16/expressivo_animado_rf0179.wav|candidatura do uruguai ao cargo de titular .|adriana|t_eps_animado_rf
/l/disk1/awstebas/data/TTS/vozes_sync/Adriana/beta/expressivo_animado_rf/wav16/expressivo_animado_rf0212.wav|queremos saber que marco aurã©lio foi preso .|adriana|t_eps_animado_rf
/l/disk1/awstebas/data/TTS/vozes_sync/Adriana/beta/expressivo_animado/wav16/expressivo_animado0071.wav|melhor que isso sã³ ganhar na megasena da virada .|adriana|t_eps_animado_rf
/l/disk1/awstebas/data/TTS/vozes_sync/Adriana/beta/expressivo_animado/wav16/expressivo_animado0099.wav|sem mais delongas , vocãª ã© o ganhador desta noite .|adriana|t_eps_animado_rf
/l/disk1/awstebas/data/TTS/vozes_sync/Adriana/beta/expressivo_animado/wav16/expressivo_animado0083.wav|durma 8 horas por dia e se sentirã¡ descansado e cheio de energia .|adriana|t_eps_animado_rf
/l/disk1/awstebas/data/TTS/vozes_sync/Adriana/beta/expressivo_animado/wav16/expressivo_animado0014.wav|jã¡ localizei seu cadastro e verifiquei que nã£o hã¡ problema na sua regiã£o .|adriana|t_eps_animado_rf
/l/disk1/awstebas/data/TTS/vozes_sync/Adriana/beta/expressivo_animado_rf/wav16/expressivo_animado_rf0180.wav|quando a massa estiver pronta , coloque por cima a gema crua .|adriana|t_eps_animado_rf
/l/disk1/awstebas/data/TTS/vozes_sync/Adriana/beta/expressivo_animado_rf/wav16/expressivo_animado_rf0002.wav|ninguã©m conhece um jeito melhor para escalar esta montanha .|adriana|t_eps_animado_rf
/l/disk1/awstebas/data/TTS/vozes_sync/Adriana/beta/expressivo_animado/wav16/expressivo_animado0127.wav|madalena fez o tratamento sugerido e ficou curada para sempre .|adriana|t_eps_animado_rf
/l/disk1/awstebas/data/TTS/vozes_sync/Adriana/beta/expressivo_animado_rf/wav16/expressivo_animado_rf0047.wav|paã­s com um pouco mais de polã­tica externa , diz o especialista .|adriana|t_eps_animado_rf
/l/disk1/awstebas/data/TTS/vozes_sync/Adriana/beta/expressivo_animado/wav16/expressivo_animado0039.wav|a cantoria foi noite adentro e deixou todo mundo acordado e feliz .|adriana|t_eps_animado_rf
/l/disk1/awstebas/data/TTS/vozes_sync/Adriana/beta/expressivo_animado/wav16/expressivo_animado0047.wav|quanto mais vocãª comprar , menor serã¡ o preã§o por unidade .|adriana|t_eps_animado_rf
/l/disk1/awstebas/data/TTS/vozes_sync/Adriana/beta/expressivo_animado_rf/wav16/expressivo_animado_rf0163.wav|aberta candidatura de joaquim barbosa ao cargo .|adriana|t_eps_animado_rf
/l/disk1/awstebas/data/TTS/vozes_sync/Adriana/beta/expressivo_animado_rf/wav16/expressivo_animado_rf0218.wav|ele tambã©m critica hillary clinton .|adriana|t_eps_animado_rf
/l/disk1/awstebas/data/TTS/vozes_sync/Adriana/beta/expressivo_animado/wav16/expressivo_animado0015.wav|tenho boas notã­cias para vocãª , dona susana .|adriana|t_eps_animado_rf
/l/disk1/awstebas/data/TTS/vozes_sync/Adriana/beta/expressivo_animado/wav16/expressivo_animado0001.wav|oi carlã£o , bom dia ! que bom falar com vocãª novamente .|adriana|t_eps_animado_rf
/l/disk1/awstebas/data/TTS/vozes_sync/Adriana/beta/expressivo_animado_rf/wav16/expressivo_animado_rf0172.wav|ela tambã©m citou as ameaã§as ao repã³rter andrã© caramante .|adriana|t_eps_animado_rf
/l/disk1/awstebas/data/TTS/vozes_sync/Adriana/beta/expressivo_animado/wav16/expressivo_animado0085.wav|nem preciso dizer o quã£o feliz estou com a sua ligaã§ã£o .|adriana|t_eps_animado_rf
/l/disk1/awstebas/data/TTS/vozes_sync/Adriana/beta/expressivo_animado_rf/wav16/expressivo_animado_rf0145.wav|construiu um chalã© prã³ximo a um lago , que hoje em dia , ã© um perigo .|adriana|t_eps_animado_rf
/l/disk1/awstebas/data/TTS/vozes_sync/Adriana/beta/expressivo_animado_rf/wav16/expressivo_animado_rf0112.wav|ele mesmo caã§ou e empalhou o bicho .|adriana|t_eps_animado_rf
/l/disk1/awstebas/data/TTS/vozes_sync/Adriana/beta/expressivo_animado_rf/wav16/expressivo_animado_rf0208.wav|discutir o rumo de osasco contra o crime organizado .|adriana|t_eps_animado_rf
/l/disk1/awstebas/data/TTS/vozes_sync/Adriana/beta/expressivo_animado_rf/wav16/expressivo_animado_rf0017.wav|a chuva de granizo deixou marcas no telhado do ginã¡sio .|adriana|t_eps_animado_rf
/l/disk1/awstebas/data/TTS/vozes_sync/Adriana/beta/expressivo_animado/wav16/expressivo_animado0076.wav|peã§a para ele vir e nos contar as suas ideias . serã¡ muito bom ouvi-lo .|adriana|t_eps_animado_rf
/l/disk1/awstebas/data/TTS/vozes_sync/Adriana/beta/expressivo_animado_rf/wav16/expressivo_animado_rf0129.wav|coelho em cartaz divulgado no site .|adriana|t_eps_animado_rf
/l/disk1/awstebas/data/TTS/vozes_sync/Adriana/beta/expressivo_animado_rf/wav16/expressivo_animado_rf0019.wav|britã¢nico que chegou ao empate com o atacante .|adriana|t_eps_animado_rf
/l/disk1/awstebas/data/TTS/vozes_sync/Adriana/beta/expressivo_animado_rf/wav16/expressivo_animado_rf0013.wav|idosos se utilizam da banda larga livre .|adriana|t_eps_animado_rf
/l/disk1/awstebas/data/TTS/vozes_sync/Adriana/beta/expressivo_animado/wav16/expressivo_animado0062.wav|quanto mais eu escuto , mais impressionado eu fico com essa histã³ria .|adriana|t_eps_animado_rf
/l/disk1/awstebas/data/TTS/vozes_sync/Adriana/beta/expressivo_animado_rf/wav16/expressivo_animado_rf0023.wav|deve crescer o desempenho do setor automotivo .|adriana|t_eps_animado_rf
/l/disk1/awstebas/data/TTS/vozes_sync/Adriana/beta/expressivo_animado_rf/wav16/expressivo_animado_rf0115.wav|thiago silva , zagueiro , decidiu no pãªnalti .|adriana|t_eps_animado_rf
/l/disk1/awstebas/data/TTS/vozes_sync/Adriana/beta/expressivo_animado_rf/wav16/expressivo_animado_rf0186.wav|homens armados e terrorismo sob suspeitas .|adriana|t_eps_animado_rf
/l/disk1/awstebas/data/TTS/vozes_sync/Adriana/beta/expressivo_animado/wav16/expressivo_animado0102.wav|antes eu era feliz; agora sou muito feliz .|adriana|t_eps_animado_rf
/l/disk1/awstebas/data/TTS/vozes_sync/Adriana/beta/expressivo_animado_rf/wav16/expressivo_animado_rf0101.wav|a polã­cia afirmou que a morte era inexplicã¡vel , inimaginã¡vel .|adriana|t_eps_animado_rf
/l/disk1/awstebas/data/TTS/vozes_sync/Adriana/beta/expressivo_animado_rf/wav16/expressivo_animado_rf0183.wav|dizer que realiza a vigilã¢ncia na ã¡rea .|adriana|t_eps_animado_rf
/l/disk1/awstebas/data/TTS/vozes_sync/Adriana/beta/expressivo_animado/wav16/expressivo_animado0086.wav|me prometa que irã¡ no mã©dico e eu compro o filme que vocãª tanto quer .|adriana|t_eps_animado_rf
/l/disk1/awstebas/data/TTS/vozes_sync/Adriana/beta/expressivo_animado_rf/wav16/expressivo_animado_rf0222.wav|um projeto vai analisar o impacto da tecnologia em zonas rurais .|adriana|t_eps_animado_rf
/l/disk1/awstebas/data/TTS/vozes_sync/Adriana/beta/expressivo_animado_rf/wav16/expressivo_animado_rf0135.wav|a samsung quebrou inãºmeras patentes .|adriana|t_eps_animado_rf
/l/disk1/awstebas/data/TTS/vozes_sync/Adriana/beta/expressivo_animado/wav16/expressivo_animado0133.wav|nosso seguro lhe reembolsarã¡ 100% do valor do carro e ainda terã¡ descontos pra comprar um novo .|adriana|t_eps_animado_rf
/l/disk1/awstebas/data/TTS/vozes_sync/Adriana/beta/expressivo_animado_rf/wav16/expressivo_animado_rf0001.wav|nã£o pode haver trã©guas na guerra contra a malã¡ria .|adriana|t_eps_animado_rf
/l/disk1/awstebas/data/TTS/vozes_sync/Adriana/beta/expressivo_animado_rf/wav16/expressivo_animado_rf0195.wav|hã¡ dez automã³veis com o nome de rodrigues .|adriana|t_eps_animado_rf
/l/disk1/awstebas/data/TTS/vozes_sync/Adriana/beta/expressivo_animado/wav16/expressivo_animado0070.wav|o rei leã£o conseguiu reunir todos os animais da floresta logo cedo .|adriana|t_eps_animado_rf
/l/disk1/awstebas/data/TTS/vozes_sync/Adriana/beta/expressivo_animado_rf/wav16/expressivo_animado_rf0164.wav|tem que encerrar a novela da globo ali .|adriana|t_eps_animado_rf
/l/disk1/awstebas/data/TTS/vozes_sync/Adriana/beta/expressivo_animado_rf/wav16/expressivo_animado_rf0190.wav|o atacante bateu em cunha durante a disputa .|adriana|t_eps_animado_rf
/l/disk1/awstebas/data/TTS/vozes_sync/Adriana/beta/expressivo_animado/wav16/expressivo_animado0124.wav|se apresentar o cartã£o boa saãºde , ganha o desconto de quinze por cento em artigos de beleza .|adriana|t_eps_animado_rf
/l/disk1/awstebas/data/TTS/vozes_sync/Adriana/beta/expressivo_animado_rf/wav16/expressivo_animado_rf0161.wav|o vasco volta atrã¡s .|adriana|t_eps_animado_rf
/l/disk1/awstebas/data/TTS/vozes_sync/Adriana/beta/expressivo_animado_rf/wav16/expressivo_animado_rf0012.wav|um grande artista rejeita conselhos de curiosos .|adriana|t_eps_animado_rf
/l/disk1/awstebas/data/TTS/vozes_sync/Adriana/beta/expressivo_animado_rf/wav16/expressivo_animado_rf0104.wav|apã³s muitas negociaã§ãµes , declarou reduzir os tã­tulos da dã­vida .|adriana|t_eps_animado_rf
/l/disk1/awstebas/data/TTS/vozes_sync/Adriana/beta/expressivo_animado_rf/wav16/expressivo_animado_rf0106.wav|a alianã§a entre cemitã©rio e crematã³rio africano .|adriana|t_eps_animado_rf
/l/disk1/awstebas/data/TTS/vozes_sync/Adriana/beta/expressivo_animado_rf/wav16/expressivo_animado_rf0167.wav|lojas do municã­pio com tecnologia antiterrorismo .|adriana|t_eps_animado_rf
/l/disk1/awstebas/data/TTS/vozes_sync/Adriana/beta/expressivo_animado_rf/wav16/expressivo_animado_rf0037.wav|pelos ãºltimos 40 anos e por uma cirurgia que ainda nã£o foi marcada .|adriana|t_eps_animado_rf
/l/disk1/awstebas/data/TTS/vozes_sync/Adriana/beta/expressivo_animado_rf/wav16/expressivo_animado_rf0202.wav|casal gay quer adotar filhos .|adriana|t_eps_animado_rf
/l/disk1/awstebas/data/TTS/vozes_sync/Adriana/beta/expressivo_animado/wav16/expressivo_animado0044.wav|queremos ver vocãª feliz e com vontade de voltar no prã³ximo final de semana .|adriana|t_eps_animado_rf
/l/disk1/awstebas/data/TTS/vozes_sync/Adriana/beta/expressivo_animado_rf/wav16/expressivo_animado_rf0111.wav|a equipe europeia da petrobrã¡s jã¡ estava no esquema .|adriana|t_eps_animado_rf
/l/disk1/awstebas/data/TTS/vozes_sync/Adriana/beta/expressivo_animado_rf/wav16/expressivo_animado_rf0153.wav|permanecer em sala de aula , e discutir o assunto .|adriana|t_eps_animado_rf
/l/disk1/awstebas/data/TTS/vozes_sync/Adriana/beta/expressivo_animado/wav16/expressivo_animado0066.wav|fiquei acordado atã© as trãªs da manhã£ ouvindo a seleã§ã£o de mãºsicas que griselda escolheu .|adriana|t_eps_animado_rf
/l/disk1/awstebas/data/TTS/vozes_sync/Adriana/beta/expressivo_animado_rf/wav16/expressivo_animado_rf0102.wav|o bahia e o flamengo , em ribeirã£o , um ano depois .|adriana|t_eps_animado_rf
/l/disk1/awstebas/data/TTS/vozes_sync/Adriana/beta/expressivo_animado_rf/wav16/expressivo_animado_rf0050.wav|medidas de mercado ocupam a maior parte das feitas pelo parlamentar .|adriana|t_eps_animado_rf
/l/disk1/awstebas/data/TTS/vozes_sync/Adriana/beta/expressivo_animado_rf/wav16/expressivo_animado_rf0198.wav|o objetivo <pa/> ã© que me deixem na academia de futebol .|adriana|t_eps_animado_rf
/l/disk1/awstebas/data/TTS/vozes_sync/Adriana/beta/expressivo_animado_rf/wav16/expressivo_animado_rf0059.wav|disseram que eles foram justos com o crã©dito da companhia .|adriana|t_eps_animado_rf
/l/disk1/awstebas/data/TTS/vozes_sync/Adriana/beta/expressivo_animado/wav16/expressivo_animado0080.wav|nã£o ã© sã³ vocãª que quer um bom negã³cio . eu tambã©m .|adriana|t_eps_animado_rf
/l/disk1/awstebas/data/TTS/vozes_sync/Adriana/beta/expressivo_animado/wav16/expressivo_animado0126.wav|daqui a pouquinho seu pedido serã¡ entregue na sua residãªncia .|adriana|t_eps_animado_rf
/l/disk1/awstebas/data/TTS/vozes_sync/Adriana/beta/expressivo_animado/wav16/expressivo_animado0106.wav|se vocãª pedir nosso cartã£o , os descontos serã£o bem maiores e o parcelamento ã  sua medida .|adriana|t_eps_animado_rf
/l/disk1/awstebas/data/TTS/vozes_sync/Adriana/beta/expressivo_animado/wav16/expressivo_animado0136.wav|a passagem pelo pedã¡gio ã© muito rã¡pida com o selo sem parar .|adriana|t_eps_animado_rf
/l/disk1/awstebas/data/TTS/vozes_sync/Adriana/beta/expressivo_animado/wav16/expressivo_animado0117.wav|essa ã© uma excelente empresa pra vocãª trabalhar e crescer como profissional .|adriana|t_eps_animado_rf
/l/disk1/awstebas/data/TTS/vozes_sync/Adriana/beta/expressivo_animado_rf/wav16/expressivo_animado_rf0081.wav|tinham empregos na secretaria da saãºde , declarou .|adriana|t_eps_animado_rf
/l/disk1/awstebas/data/TTS/vozes_sync/Adriana/beta/expressivo_animado_rf/wav16/expressivo_animado_rf0015.wav|vamos unir o ãºtil ao agradã¡vel .|adriana|t_eps_animado_rf
/l/disk1/awstebas/data/TTS/vozes_sync/Adriana/beta/expressivo_animado_rf/wav16/expressivo_animado_rf0018.wav|pesquisa no japã£o acerca da democracia .|adriana|t_eps_animado_rf
/l/disk1/awstebas/data/TTS/vozes_sync/Adriana/beta/expressivo_animado_rf/wav16/expressivo_animado_rf0149.wav|a partir de quinta-feira , os visitantes serã£o identificados atravã©s de um cartã£o magnã©tico .|adriana|t_eps_animado_rf
/l/disk1/awstebas/data/TTS/vozes_sync/Adriana/beta/expressivo_animado_rf/wav16/expressivo_animado_rf0230.wav|do paraguai pra baixo , vamos pelo caminho .|adriana|t_eps_animado_rf
/l/disk1/awstebas/data/TTS/vozes_sync/Adriana/beta/expressivo_animado_rf/wav16/expressivo_animado_rf0120.wav|sigilo da google funciona muito bem .|adriana|t_eps_animado_rf
/l/disk1/awstebas/data/TTS/vozes_sync/Adriana/beta/expressivo_animado_rf/wav16/expressivo_animado_rf0105.wav|a compania compra o ouro bruto e o revende ã s joalherias .|adriana|t_eps_animado_rf
/l/disk1/awstebas/data/TTS/vozes_sync/Adriana/beta/expressivo_animado_rf/wav16/expressivo_animado_rf0211.wav|esse ã© um homem que tinha meu voto .|adriana|t_eps_animado_rf
/l/disk1/awstebas/data/TTS/vozes_sync/Adriana/beta/expressivo_animado_rf/wav16/expressivo_animado_rf0041.wav|diretamente da inglaterra , a produã§ã£o industrial sofreu com a estabilizaã§ã£o .|adriana|t_eps_animado_rf
/l/disk1/awstebas/data/TTS/vozes_sync/Adriana/beta/expressivo_animado/wav16/expressivo_animado0006.wav|toda vez que vocãª fizer um pedido ganharã¡ um selo , e juntando 10 selos poderã¡ fazer um pedido grã¡tis .|adriana|t_eps_animado_rf
/l/disk1/awstebas/data/TTS/vozes_sync/Adriana/beta/expressivo_animado_rf/wav16/expressivo_animado_rf0154.wav|miguel sabia de homicã­dios na barra da tijuca .|adriana|t_eps_animado_rf
/l/disk1/awstebas/data/TTS/vozes_sync/Adriana/beta/expressivo_animado_rf/wav16/expressivo_animado_rf0216.wav|a idã©ia ã© comeã§ar devagar e ir melhorando aos poucos .|adriana|t_eps_animado_rf
/l/disk1/awstebas/data/TTS/vozes_sync/Adriana/beta/expressivo_animado_rf/wav16/expressivo_animado_rf0075.wav|disse que nã£o tinha a intenã§ã£o de deixar a sua conta no banco .|adriana|t_eps_animado_rf
/l/disk1/awstebas/data/TTS/vozes_sync/Adriana/beta/expressivo_animado/wav16/expressivo_animado0017.wav|estamos muito felizes que vocãª tenha gostado do presente que compramos para o dia das mã£es .|adriana|t_eps_animado_rf
/l/disk1/awstebas/data/TTS/vozes_sync/Adriana/beta/expressivo_animado/wav16/expressivo_animado0145.wav|estude na unicamp e garanta um futuro brilhante .|adriana|t_eps_animado_rf
/l/disk1/awstebas/data/TTS/vozes_sync/Adriana/beta/expressivo_animado_rf/wav16/expressivo_animado_rf0229.wav|edmundo jogou brilhantemente e garantiu a goleada vascaã­na .|adriana|t_eps_animado_rf
/l/disk1/awstebas/data/TTS/vozes_sync/Adriana/beta/expressivo_animado_rf/wav16/expressivo_animado_rf0065.wav|manifestantes nas mã£os da vila espanhola , na avenida 8 de dezembro .|adriana|t_eps_animado_rf
/l/disk1/awstebas/data/TTS/vozes_sync/Adriana/beta/expressivo_animado_rf/wav16/expressivo_animado_rf0158.wav|como se fosse bom ser fernando henrique cardoso .|adriana|t_eps_animado_rf
/l/disk1/awstebas/data/TTS/vozes_sync/Adriana/beta/expressivo_animado/wav16/expressivo_animado0087.wav|aquele seriado , eu a patroa e as crianã§as , me faz rir muito .|adriana|t_eps_animado_rf
/l/disk1/awstebas/data/TTS/vozes_sync/Adriana/beta/expressivo_animado/wav16/expressivo_animado0139.wav|o cafezinho estã¡ pronto e tem bolo de fubã¡ com goiabada .|adriana|t_eps_animado_rf
/l/disk1/awstebas/data/TTS/vozes_sync/Adriana/beta/expressivo_animado/wav16/expressivo_animado0004.wav|a orelha de van gogh ã© um conjunto de mãºsica espanhol que vocãª vai gostar muito .|adriana|t_eps_animado_rf
/l/disk1/awstebas/data/TTS/vozes_sync/Adriana/beta/expressivo_animado_rf/wav16/expressivo_animado_rf0083.wav|algumas noites na polinã©sia francesa , e talvez fique atã© o fim do mãªs .|adriana|t_eps_animado_rf
/l/disk1/awstebas/data/TTS/vozes_sync/Adriana/beta/expressivo_animado_rf/wav16/expressivo_animado_rf0026.wav|os programas audiovisuais melhoraram significativamente a partir de 1991 .|adriana|t_eps_animado_rf
/l/disk1/awstebas/data/TTS/vozes_sync/Adriana/beta/expressivo_animado_rf/wav16/expressivo_animado_rf0185.wav|ter um museu em porto alegre .|adriana|t_eps_animado_rf
/l/disk1/awstebas/data/TTS/vozes_sync/Adriana/beta/expressivo_animado_rf/wav16/expressivo_animado_rf0219.wav|apã³s a dã©cada de 1980 , a corã©ia conseguiu se identificar .|adriana|t_eps_animado_rf
/l/disk1/awstebas/data/TTS/vozes_sync/Adriana/beta/expressivo_animado/wav16/expressivo_animado0037.wav|vocãª ã© uma pessoa especial e esse presente ã© para vocãª . tome .|adriana|t_eps_animado_rf
/l/disk1/awstebas/data/TTS/vozes_sync/Adriana/beta/expressivo_animado/wav16/expressivo_animado0032.wav|para sentir-se bem nessa quarentena , sintonize nosso programa de mãºsica todo dia das vinte e uma ã s 23 horas .|adriana|t_eps_animado_rf
/l/disk1/awstebas/data/TTS/vozes_sync/Adriana/beta/expressivo_animado/wav16/expressivo_animado0091.wav|ã‰ tã£o bacana poder ajudar os velhinhos e velhinhas daquela casa de repouso .|adriana|t_eps_animado_rf
/l/disk1/awstebas/data/TTS/vozes_sync/Adriana/beta/expressivo_animado_rf/wav16/expressivo_animado_rf0025.wav|significa que sua candidatura obedece ao propã³sito atual .|adriana|t_eps_animado_rf
/l/disk1/awstebas/data/TTS/vozes_sync/Adriana/beta/expressivo_animado_rf/wav16/expressivo_animado_rf0151.wav|a reforma econã´mica da china , melhorou profundamente a gestã£o das empresas .|adriana|t_eps_animado_rf
/l/disk1/awstebas/data/TTS/vozes_sync/Adriana/beta/expressivo_animado_rf/wav16/expressivo_animado_rf0109.wav|um pacote da onu , pedindo calma nessa hora .|adriana|t_eps_animado_rf
/l/disk1/awstebas/data/TTS/vozes_sync/Adriana/beta/expressivo_animado_rf/wav16/expressivo_animado_rf0022.wav|a evoluã§ã£o da guerra entre israelenses e palestinos .|adriana|t_eps_animado_rf
/l/disk1/awstebas/data/TTS/vozes_sync/Adriana/beta/expressivo_animado_rf/wav16/expressivo_animado_rf0199.wav|abrir o placar na vila belmiro .|adriana|t_eps_animado_rf
/l/disk1/awstebas/data/TTS/vozes_sync/Adriana/beta/expressivo_animado_rf/wav16/expressivo_animado_rf0121.wav|a cã´rte indicou que as examinarã¡ , diz agãªncia russa .|adriana|t_eps_animado_rf
/l/disk1/awstebas/data/TTS/vozes_sync/Adriana/beta/expressivo_animado_rf/wav16/expressivo_animado_rf0175.wav|chega a ir e vir sozinho de goiã¡s .|adriana|t_eps_animado_rf
/l/disk1/awstebas/data/TTS/vozes_sync/Adriana/beta/expressivo_animado_rf/wav16/expressivo_animado_rf0200.wav|advogado veio saber sobre os pisos salariais prã³prios .|adriana|t_eps_animado_rf
/l/disk1/awstebas/data/TTS/vozes_sync/Adriana/beta/expressivo_animado_rf/wav16/expressivo_animado_rf0085.wav|chanceler em jerusalã©m , pode nos dar mais detalhes .|adriana|t_eps_animado_rf
/l/disk1/awstebas/data/TTS/vozes_sync/Adriana/beta/expressivo_animado/wav16/expressivo_animado0067.wav|vocãª vai gostar tanto quanto eu . vocãª vai ver .|adriana|t_eps_animado_rf
/l/disk1/awstebas/data/TTS/vozes_sync/Adriana/beta/expressivo_animado_rf/wav16/expressivo_animado_rf0126.wav|o pib ruim ã© o fracasso de dilma russeff .|adriana|t_eps_animado_rf
/l/disk1/awstebas/data/TTS/vozes_sync/Adriana/beta/expressivo_animado/wav16/expressivo_animado0049.wav|ganhei uma viagem para a disney com tudo pago para duas pessoas .|adriana|t_eps_animado_rf
/l/disk1/awstebas/data/TTS/vozes_sync/Adriana/beta/expressivo_animado/wav16/expressivo_animado0013.wav|a fada madrinha prometeu trazer uma moeda de ouro por cada dente que caã­sse .|adriana|t_eps_animado_rf
/l/disk1/awstebas/data/TTS/vozes_sync/Adriana/beta/expressivo_animado_rf/wav16/expressivo_animado_rf0118.wav|na ãºltima chance , sobe conforme o cã¢mbio .|adriana|t_eps_animado_rf
/l/disk1/awstebas/data/TTS/vozes_sync/Adriana/beta/expressivo_animado/wav16/expressivo_animado0054.wav|vocãª nã£o pode perder essa oportunidade jã¡ que sã³ ã© oferecida uma vez por ano .|adriana|t_eps_animado_rf
/l/disk1/awstebas/data/TTS/vozes_sync/Adriana/beta/expressivo_animado_rf/wav16/expressivo_animado_rf0060.wav|irregularidades na campanha para o candidato do psdb .|adriana|t_eps_animado_rf
/l/disk1/awstebas/data/TTS/vozes_sync/Adriana/beta/expressivo_animado/wav16/expressivo_animado0109.wav|ligaram da emissora pra avisar que vocãª ganhou um ingresso grã¡tis para o show da adele .|adriana|t_eps_animado_rf
/l/disk1/awstebas/data/TTS/vozes_sync/Adriana/beta/expressivo_animado/wav16/expressivo_animado0131.wav|fui aprovado em todas as disciplinas e passei para o ãºltimo ano da faculdade .|adriana|t_eps_animado_rf
/l/disk1/awstebas/data/TTS/vozes_sync/Adriana/beta/expressivo_animado_rf/wav16/expressivo_animado_rf0221.wav|a dieta desse povo ã© baseada em arroz e frutas .|adriana|t_eps_animado_rf
/l/disk1/awstebas/data/TTS/vozes_sync/Adriana/beta/expressivo_animado_rf/wav16/expressivo_animado_rf0098.wav|meu pai me inspirou no dia a dia .|adriana|t_eps_animado_rf
/l/disk1/awstebas/data/TTS/vozes_sync/Adriana/beta/expressivo_animado_rf/wav16/expressivo_animado_rf0206.wav|sorocaba atinge quantia da dã­vida .|adriana|t_eps_animado_rf
/l/disk1/awstebas/data/TTS/vozes_sync/Adriana/beta/expressivo_animado/wav16/expressivo_animado0074.wav|quanto mais penso no assunto , mais feliz me sinto com a ideia .|adriana|t_eps_animado_rf
/l/disk1/awstebas/data/TTS/vozes_sync/Adriana/beta/expressivo_animado/wav16/expressivo_animado0019.wav|sempre que visitar a quitanda , vai ganhar uma fruta a sua escolha .|adriana|t_eps_animado_rf
/l/disk1/awstebas/data/TTS/vozes_sync/Adriana/beta/expressivo_animado_rf/wav16/expressivo_animado_rf0117.wav|usar tambã©m outro aplicativo , ou definir melhor os disponã­veis .|adriana|t_eps_animado_rf
/l/disk1/awstebas/data/TTS/vozes_sync/Adriana/beta/expressivo_animado/wav16/expressivo_animado0114.wav|ninguã©m como cristina para ensinar todos nã³s a danã§ar aquela mãºsica .|adriana|t_eps_animado_rf
/l/disk1/awstebas/data/TTS/vozes_sync/Adriana/beta/expressivo_animado/wav16/expressivo_animado0098.wav|que notã­cia boa saber que o barã§a ganhou do real madrã­ ontem .|adriana|t_eps_animado_rf
/l/disk1/awstebas/data/TTS/vozes_sync/Adriana/beta/expressivo_animado_rf/wav16/expressivo_animado_rf0169.wav|vocãª tem a multa como algo natural .|adriana|t_eps_animado_rf
/l/disk1/awstebas/data/TTS/vozes_sync/Adriana/beta/expressivo_animado_rf/wav16/expressivo_animado_rf0080.wav|apenas uma nã£o era do fabricante do produto .|adriana|t_eps_animado_rf
/l/disk1/awstebas/data/TTS/vozes_sync/Adriana/beta/expressivo_animado/wav16/expressivo_animado0103.wav|o prognã³stico do tempo ã© ã³timo .|adriana|t_eps_animado_rf
/l/disk1/awstebas/data/TTS/vozes_sync/Adriana/beta/expressivo_animado_rf/wav16/expressivo_animado_rf0144.wav|alexandre padilha , na ocasiã£o do conflito .|adriana|t_eps_animado_rf
/l/disk1/awstebas/data/TTS/vozes_sync/Adriana/beta/expressivo_animado_rf/wav16/expressivo_animado_rf0062.wav|ciãªncia deu a liberaã§ã£o para experiãªncias com explosã£o .|adriana|t_eps_animado_rf
/l/disk1/awstebas/data/TTS/vozes_sync/Adriana/beta/expressivo_animado/wav16/expressivo_animado0120.wav|agora que consegui esse emprego , vamos poder comprar tudo o que estã¡ faltando .|adriana|t_eps_animado_rf
/l/disk1/awstebas/data/TTS/vozes_sync/Adriana/beta/expressivo_animado_rf/wav16/expressivo_animado_rf0157.wav|o nã­vel de consumo tendeu a subir em novembro .|adriana|t_eps_animado_rf
/l/disk1/awstebas/data/TTS/vozes_sync/Adriana/beta/expressivo_animado_rf/wav16/expressivo_animado_rf0141.wav|e que o domingo chegue rã¡pido depois .|adriana|t_eps_animado_rf
/l/disk1/awstebas/data/TTS/vozes_sync/Adriana/beta/expressivo_animado/wav16/expressivo_animado0134.wav|a escolha de sofia foi muito inteligente .|adriana|t_eps_animado_rf
/l/disk1/awstebas/data/TTS/vozes_sync/Adriana/beta/expressivo_animado_rf/wav16/expressivo_animado_rf0114.wav|o que vai acontecer , no segundo bloco , na novela francesa .|adriana|t_eps_animado_rf
/l/disk1/awstebas/data/TTS/vozes_sync/Adriana/beta/expressivo_animado/wav16/expressivo_animado0147.wav|nã£o hã¡ passarinhos mais bonitos que os dessa floresta .|adriana|t_eps_animado_rf
/l/disk1/awstebas/data/TTS/vozes_sync/Adriana/beta/expressivo_animado_rf/wav16/expressivo_animado_rf0116.wav|nã³s somos uma dupla que planeja viajar de imediato .|adriana|t_eps_animado_rf
/l/disk1/awstebas/data/TTS/vozes_sync/Adriana/beta/expressivo_animado/wav16/expressivo_animado0123.wav|se ele ganhar , a economia voltarã¡ a crescer e todos vamos conseguir emprego .|adriana|t_eps_animado_rf
/l/disk1/awstebas/data/TTS/vozes_sync/Adriana/beta/expressivo_animado_rf/wav16/expressivo_animado_rf0071.wav|esclareceu sobre a vitã³ria por 3 a 0 nos pãªnaltis .|adriana|t_eps_animado_rf
/l/disk1/awstebas/data/TTS/vozes_sync/Adriana/beta/expressivo_animado_rf/wav16/expressivo_animado_rf0160.wav|o diretor alemã£o oferece uma vaga na baixada fluminense .|adriana|t_eps_animado_rf
/l/disk1/awstebas/data/TTS/vozes_sync/Adriana/beta/expressivo_animado/wav16/expressivo_animado0002.wav|claro que podemos ajudã¡-la melissa . estamos aqui pra isso .|adriana|t_eps_animado_rf
/l/disk1/awstebas/data/TTS/vozes_sync/Adriana/beta/expressivo_animado_rf/wav16/expressivo_animado_rf0032.wav|a cesta bã¡sica traz o mã­nimo para as famã­lias dos funcionã¡rios .|adriana|t_eps_animado_rf
/l/disk1/awstebas/data/TTS/vozes_sync/Adriana/beta/expressivo_animado_rf/wav16/expressivo_animado_rf0020.wav|a mansã£o tem um jardim com lago e fonte luminosa .|adriana|t_eps_animado_rf
/l/disk1/awstebas/data/TTS/vozes_sync/Adriana/beta/expressivo_animado_rf/wav16/expressivo_animado_rf0223.wav|ã‰ sã³ a igreja catã³lica visitar a itã¡lia e seu patrimã´nio .|adriana|t_eps_animado_rf
/l/disk1/awstebas/data/TTS/vozes_sync/Adriana/beta/expressivo_animado_rf/wav16/expressivo_animado_rf0007.wav|a declaraã§ã£o do ministro sobre a flutuaã§ã£o do dã³lar ã© ambã­gua .|adriana|t_eps_animado_rf
/l/disk1/awstebas/data/TTS/vozes_sync/Adriana/beta/expressivo_animado/wav16/expressivo_animado0130.wav|assista a sessã£o da tarde e ganhe um balde pipoca sã³ pra vocãª .|adriana|t_eps_animado_rf
/l/disk1/awstebas/data/TTS/vozes_sync/Adriana/beta/expressivo_animado/wav16/expressivo_animado0140.wav|concorra a uma bolsa de doutorado e esqueã§a os problemas com o emprego .|adriana|t_eps_animado_rf
/l/disk1/awstebas/data/TTS/vozes_sync/Adriana/beta/expressivo_animado/wav16/expressivo_animado0075.wav|que sorte que nã³s cruzamos a estaã§ã£o do metrã´ esta manhã£ .|adriana|t_eps_animado_rf
/l/disk1/awstebas/data/TTS/vozes_sync/Adriana/beta/expressivo_animado_rf/wav16/expressivo_animado_rf0064.wav|chegou ã  marca de 60 por 19 horas de 11 de setembro .|adriana|t_eps_animado_rf
/l/disk1/awstebas/data/TTS/vozes_sync/Adriana/beta/expressivo_animado_rf/wav16/expressivo_animado_rf0038.wav|foi tomada como uma forma de estimativa na bolsa de valores .|adriana|t_eps_animado_rf
/l/disk1/awstebas/data/TTS/vozes_sync/Adriana/beta/expressivo_animado_rf/wav16/expressivo_animado_rf0091.wav|no aeroporto do galeã£o , solo negro passarã¡ por anã¡lise de origem .|adriana|t_eps_animado_rf
/l/disk1/awstebas/data/TTS/vozes_sync/Adriana/beta/expressivo_animado_rf/wav16/expressivo_animado_rf0055.wav|para preparar o orã§amento , pretende escolher o que estã¡ pronto .|adriana|t_eps_animado_rf
/l/disk1/awstebas/data/TTS/vozes_sync/Adriana/beta/expressivo_animado_rf/wav16/expressivo_animado_rf0220.wav|ganharam a quina e vã£o levar um bilhã£o .|adriana|t_eps_animado_rf
/l/disk1/awstebas/data/TTS/vozes_sync/Adriana/beta/expressivo_animado_rf/wav16/expressivo_animado_rf0078.wav|instituiã§ãµes financeiras em massa no vermelho .|adriana|t_eps_animado_rf
/l/disk1/awstebas/data/TTS/vozes_sync/Adriana/beta/expressivo_animado/wav16/expressivo_animado0058.wav|renove sua casa com estas ofertas especiais que preparamos para vocãª .|adriana|t_eps_animado_rf
/l/disk1/awstebas/data/TTS/vozes_sync/Adriana/beta/expressivo_animado_rf/wav16/expressivo_animado_rf0147.wav|e ã© a primeira vez que o nome do brasil aparece nesta publicaã§ã£o .|adriana|t_eps_animado_rf
/l/disk1/awstebas/data/TTS/vozes_sync/Adriana/beta/expressivo_animado_rf/wav16/expressivo_animado_rf0156.wav|bombas de gã¡s lacrimogãªneo atingiram crianã§as e adolescentes .|adriana|t_eps_animado_rf
/l/disk1/awstebas/data/TTS/vozes_sync/Adriana/beta/expressivo_animado_rf/wav16/expressivo_animado_rf0124.wav|a ideia ã© do fotã³grafo , que montou um painel: brilho carioca .|adriana|t_eps_animado_rf
/l/disk1/awstebas/data/TTS/vozes_sync/Adriana/beta/expressivo_animado/wav16/expressivo_animado0010.wav|quando rosa pediu ajuda a miguel , percebeu o quanto ele gostava dela .|adriana|t_eps_animado_rf
/l/disk1/awstebas/data/TTS/vozes_sync/Adriana/beta/expressivo_animado/wav16/expressivo_animado0149.wav|que o sol brilhe no seu dia e um vento cã¡lido sopre em suas espaldas .|adriana|t_eps_animado_rf
/l/disk1/awstebas/data/TTS/vozes_sync/Adriana/beta/expressivo_animado_rf/wav16/expressivo_animado_rf0196.wav|o flamengo luta pela liga regular da n bi ei .|adriana|t_eps_animado_rf
/l/disk1/awstebas/data/TTS/vozes_sync/Adriana/beta/expressivo_animado_rf/wav16/expressivo_animado_rf0056.wav|do dia do sorteio atã© por volta das dezessete horas .|adriana|t_eps_animado_rf
/l/disk1/awstebas/data/TTS/vozes_sync/Adriana/beta/expressivo_animado_rf/wav16/expressivo_animado_rf0052.wav|ã‰ melhor do que em 2010 , quanto ã s refeiã§ãµes e passeios .|adriana|t_eps_animado_rf
/l/disk1/awstebas/data/TTS/vozes_sync/Adriana/beta/expressivo_animado/wav16/expressivo_animado0141.wav|quem sabe sabe , e quem nã£o sabe , tem que aprender .|adriana|t_eps_animado_rf
/l/disk1/awstebas/data/TTS/vozes_sync/Adriana/beta/expressivo_animado/wav16/expressivo_animado0033.wav|ã‰ verdade , o sorvete de chocolate com limã£o ã© muito gostoso .|adriana|t_eps_animado_rf
/l/disk1/awstebas/data/TTS/vozes_sync/Adriana/beta/expressivo_animado_rf/wav16/expressivo_animado_rf0191.wav|e eu que tenho que falar com a imprensa .|adriana|t_eps_animado_rf
/l/disk1/awstebas/data/TTS/vozes_sync/Adriana/beta/expressivo_animado/wav16/expressivo_animado0097.wav|quanto mais vocãª se esforã§ar , mais poderã¡ conseguir querida .|adriana|t_eps_animado_rf
/l/disk1/awstebas/data/TTS/vozes_sync/Adriana/beta/expressivo_animado_rf/wav16/expressivo_animado_rf0188.wav|desenvolver o curso a mã©dio <pa/> e longo prazos .|adriana|t_eps_animado_rf
/l/disk1/awstebas/data/TTS/vozes_sync/Adriana/beta/expressivo_animado_rf/wav16/expressivo_animado_rf0028.wav|no mãªs passado , cerca de trãªs milhãµes de pessoas foram ao rio amazonas .|adriana|t_eps_animado_rf
/l/disk1/awstebas/data/TTS/vozes_sync/Adriana/beta/expressivo_animado_rf/wav16/expressivo_animado_rf0029.wav|ã‰ a primeira vez que o nome do brasil aparece nesta publicaã§ã£o .|adriana|t_eps_animado_rf
/l/disk1/awstebas/data/TTS/vozes_sync/Adriana/beta/expressivo_animado_rf/wav16/expressivo_animado_rf0095.wav|tomar apenas a ditadura por exemplo , e talvez pensar em algo mais grave .|adriana|t_eps_animado_rf
/l/disk1/awstebas/data/TTS/vozes_sync/Adriana/beta/expressivo_animado/wav16/expressivo_animado0028.wav|a grade da programaã§ã£o foi feita para satisfazer todos os gostos .|adriana|t_eps_animado_rf
/l/disk1/awstebas/data/TTS/vozes_sync/Adriana/beta/expressivo_animado_rf/wav16/expressivo_animado_rf0016.wav|essa biblioteca nã£o chega nem aos pã©s da que eu visitei .|adriana|t_eps_animado_rf
/l/disk1/awstebas/data/TTS/vozes_sync/Adriana/beta/expressivo_animado/wav16/expressivo_animado0069.wav|podemos conseguir isso e muito mais se a turma se juntar a nã³s .|adriana|t_eps_animado_rf
/l/disk1/awstebas/data/TTS/vozes_sync/Adriana/beta/expressivo_animado_rf/wav16/expressivo_animado_rf0132.wav|daniel ã© quem tem que detectar todo o luxo do veã­culo .|adriana|t_eps_animado_rf
/l/disk1/awstebas/data/TTS/vozes_sync/Adriana/beta/expressivo_animado/wav16/expressivo_animado0016.wav|se todas as pessoas fossem como vocãª , o mundo seria muito melhor .|adriana|t_eps_animado_rf
/l/disk1/awstebas/data/TTS/vozes_sync/Adriana/beta/expressivo_animado_rf/wav16/expressivo_animado_rf0043.wav|ã‰ preciso ter condiã§ãµes de aguardar pelos prã³ximos candidatos .|adriana|t_eps_animado_rf
/l/disk1/awstebas/data/TTS/vozes_sync/Adriana/beta/expressivo_animado_rf/wav16/expressivo_animado_rf0027.wav|a primeira cidade a 313 quilã´metros ã© o rio de janeiro .|adriana|t_eps_animado_rf
/l/disk1/awstebas/data/TTS/vozes_sync/Adriana/beta/expressivo_animado/wav16/expressivo_animado0104.wav|vamos viajar amanhã£ com um dia ensolarado e sem vento .|adriana|t_eps_animado_rf
/l/disk1/awstebas/data/TTS/vozes_sync/Adriana/beta/expressivo_animado_rf/wav16/expressivo_animado_rf0066.wav|pagos aos produtos em 49 vezes , por causa da chuva .|adriana|t_eps_animado_rf
/l/disk1/awstebas/data/TTS/vozes_sync/Adriana/beta/expressivo_animado_rf/wav16/expressivo_animado_rf0008.wav|em qualquer lugar de belã©m serve-se suco de aã§aã­ e ã¡gua de coco .|adriana|t_eps_animado_rf
/l/disk1/awstebas/data/TTS/vozes_sync/Adriana/beta/expressivo_animado/wav16/expressivo_animado0043.wav|o violã£o e o baixo sã£o mais que especiais em nossa banda de mãºsica .|adriana|t_eps_animado_rf
/l/disk1/awstebas/data/TTS/vozes_sync/Adriana/beta/expressivo_animado_rf/wav16/expressivo_animado_rf0217.wav|vã£o aos jogos olã­mpicos de londres sozinho .|adriana|t_eps_animado_rf
/l/disk1/awstebas/data/TTS/vozes_sync/Adriana/beta/expressivo_animado/wav16/expressivo_animado0061.wav|nã£o consigo esperar mais pra te dar a boa notã­cia .|adriana|t_eps_animado_rf
/l/disk1/awstebas/data/TTS/vozes_sync/Adriana/beta/expressivo_animado_rf/wav16/expressivo_animado_rf0231.wav|sempre brinca com o bordã£o que o popularizou atualmente .|adriana|t_eps_animado_rf
/l/disk1/awstebas/data/TTS/vozes_sync/Adriana/beta/expressivo_animado/wav16/expressivo_animado0057.wav|a brisa de outono deixa tudo mais bonito .|adriana|t_eps_animado_rf
/l/disk1/awstebas/data/TTS/vozes_sync/Adriana/beta/expressivo_animado/wav16/expressivo_animado0009.wav|nossa equipe ã© muito competente , e na mudanã§a nada se perderã¡ ou chegarã¡ quebrado .|adriana|t_eps_animado_rf
/l/disk1/awstebas/data/TTS/vozes_sync/Adriana/beta/expressivo_animado_rf/wav16/expressivo_animado_rf0014.wav|basta enviar o nome e se identificar .|adriana|t_eps_animado_rf
/l/disk1/awstebas/data/TTS/vozes_sync/Adriana/beta/expressivo_animado_rf/wav16/expressivo_animado_rf0090.wav|sei que ã© complexo o controle de filas .|adriana|t_eps_animado_rf
/l/disk1/awstebas/data/TTS/vozes_sync/Adriana/beta/expressivo_animado/wav16/expressivo_animado0050.wav|humberto e camila vã£o se casar em setembro e nã³s seremos os padrinhos .|adriana|t_eps_animado_rf
/l/disk1/awstebas/data/TTS/vozes_sync/Adriana/beta/expressivo_animado_rf/wav16/expressivo_animado_rf0171.wav|fifa ganhou a quinta nota tã©cnica .|adriana|t_eps_animado_rf
/l/disk1/awstebas/data/TTS/vozes_sync/Adriana/beta/expressivo_animado_rf/wav16/expressivo_animado_rf0048.wav|a ã¡gua pelo caminho provocou congestionamento , com veã­culos envolvidos em acidente .|adriana|t_eps_animado_rf
/l/disk1/awstebas/data/TTS/vozes_sync/Adriana/beta/expressivo_animado_rf/wav16/expressivo_animado_rf0004.wav|as estatã­sticas oficiais mostram o avanã§o do desemprego na indãºstria .|adriana|t_eps_animado_rf
/l/disk1/awstebas/data/TTS/vozes_sync/Adriana/beta/expressivo_animado_rf/wav16/expressivo_animado_rf0039.wav|o suplemento de informã¡tica terã¡ cinquenta e nove pã¡ginas .|adriana|t_eps_animado_rf
/l/disk1/awstebas/data/TTS/vozes_sync/Adriana/beta/expressivo_animado_rf/wav16/expressivo_animado_rf0197.wav|o rock dos anos 80 fez valer a pena o sã©culo 19 .|adriana|t_eps_animado_rf
/l/disk1/awstebas/data/TTS/vozes_sync/Adriana/beta/expressivo_animado/wav16/expressivo_animado0095.wav|ela e bruno vã£o conseguir . vocãª vai ver .|adriana|t_eps_animado_rf
/l/disk1/awstebas/data/TTS/vozes_sync/Adriana/beta/expressivo_animado/wav16/expressivo_animado0119.wav|veja bem: nã£o tem como dizer nã£o pra ela .|adriana|t_eps_animado_rf
/l/disk1/awstebas/data/TTS/vozes_sync/Adriana/beta/expressivo_animado/wav16/expressivo_animado0020.wav|que boa ideia que vocãª teve lisandra . da hora .|adriana|t_eps_animado_rf
/l/disk1/awstebas/data/TTS/vozes_sync/Adriana/beta/expressivo_animado_rf/wav16/expressivo_animado_rf0140.wav|sã£o as cinco em vigor dentro da ã¡rea .|adriana|t_eps_animado_rf
/l/disk1/awstebas/data/TTS/vozes_sync/Adriana/beta/expressivo_animado_rf/wav16/expressivo_animado_rf0228.wav|o volume de carros na rodovia castello branco .|adriana|t_eps_animado_rf
/l/disk1/awstebas/data/TTS/vozes_sync/Adriana/beta/expressivo_animado/wav16/expressivo_animado0105.wav|quero muito te contar as novidades desse final de semana .|adriana|t_eps_animado_rf
/l/disk1/awstebas/data/TTS/vozes_sync/Adriana/beta/expressivo_animado_rf/wav16/expressivo_animado_rf0176.wav|nosso desejo ã© que envelheã§amos felizes e em boa forma .|adriana|t_eps_animado_rf
/l/disk1/awstebas/data/TTS/vozes_sync/Adriana/beta/expressivo_animado_rf/wav16/expressivo_animado_rf0063.wav|para ter sua mulher e seus familiares para sempre .|adriana|t_eps_animado_rf
/l/disk1/awstebas/data/TTS/vozes_sync/Adriana/beta/expressivo_animado/wav16/expressivo_animado0052.wav|nossas ofertas vã£o deixar vocãª muito feliz . venha , e confira .|adriana|t_eps_animado_rf
/l/disk1/awstebas/data/TTS/vozes_sync/Adriana/beta/expressivo_animado/wav16/expressivo_animado0036.wav|se vocãª quer um carro econã´mico e bonito , acabou de encontrã¡-lo em nossa concessionã¡ria .|adriana|t_eps_animado_rf
/l/disk1/awstebas/data/TTS/vozes_sync/Adriana/beta/expressivo_animado/wav16/expressivo_animado0146.wav|neste cursinho vocãª aprende todos os segredos para trabalhar de carpinteiro .|adriana|t_eps_animado_rf
/l/disk1/awstebas/data/TTS/vozes_sync/Adriana/beta/expressivo_animado_rf/wav16/expressivo_animado_rf0054.wav|a cotaã§ã£o de mil metros quadrados estã¡ no limite do capital .|adriana|t_eps_animado_rf
/l/disk1/awstebas/data/TTS/vozes_sync/Adriana/beta/expressivo_animado_rf/wav16/expressivo_animado_rf0181.wav|o marido foi condenado ã  cadeia .|adriana|t_eps_animado_rf
/l/disk1/awstebas/data/TTS/vozes_sync/Adriana/beta/expressivo_animado/wav16/expressivo_animado0048.wav|mariela , hoje vocãª estã¡ deslumbrante .|adriana|t_eps_animado_rf
/l/disk1/awstebas/data/TTS/vozes_sync/Adriana/beta/expressivo_animado_rf/wav16/expressivo_animado_rf0033.wav|os rebeldes da universidade decretaram situaã§ã£o de ocupaã§ã£o .|adriana|t_eps_animado_rf
/l/disk1/awstebas/data/TTS/vozes_sync/Adriana/beta/expressivo_animado/wav16/expressivo_animado0079.wav|nem nos meus mais belos sonhos poderia imaginar que conseguiria um encontro com ela .|adriana|t_eps_animado_rf
/l/disk1/awstebas/data/TTS/vozes_sync/Adriana/beta/expressivo_animado/wav16/expressivo_animado0025.wav|essa notã­cia ã© ã³tima , e papai vai adorar saber que vocãªs vem no final de semana .|adriana|t_eps_animado_rf
/l/disk1/awstebas/data/TTS/vozes_sync/Adriana/beta/expressivo_animado/wav16/expressivo_animado0084.wav|se quiser saber como fazer , nã£o se esqueã§a: me ligue qualquer dia da semana das 8 ã s 14 horas .|adriana|t_eps_animado_rf
/l/disk1/awstebas/data/TTS/vozes_sync/Adriana/beta/expressivo_animado_rf/wav16/expressivo_animado_rf0049.wav|a famã­lia anunciou que nã£o vai fazer previsã£o para a manutenã§ã£o automotiva .|adriana|t_eps_animado_rf
/l/disk1/awstebas/data/TTS/vozes_sync/Adriana/beta/expressivo_animado_rf/wav16/expressivo_animado_rf0067.wav|hã¡ o uso de grande quantidade de soldados no iraque .|adriana|t_eps_animado_rf
/l/disk1/awstebas/data/TTS/vozes_sync/Adriana/beta/expressivo_animado_rf/wav16/expressivo_animado_rf0099.wav|o ã³rgã£o da saãºde quis reunir os jovens no twitter .|adriana|t_eps_animado_rf
/l/disk1/awstebas/data/TTS/vozes_sync/Adriana/beta/expressivo_animado/wav16/expressivo_animado0029.wav|vocãª pode assistir na sua tv , no computador , no tablet , e atã© no celular .|adriana|t_eps_animado_rf
/l/disk1/awstebas/data/TTS/vozes_sync/Adriana/beta/expressivo_animado_rf/wav16/expressivo_animado_rf0168.wav|o golpe por telefone era global .|adriana|t_eps_animado_rf
/l/disk1/awstebas/data/TTS/vozes_sync/Adriana/beta/expressivo_animado/wav16/expressivo_animado0055.wav|vou te passar a receita do bolo e depois vocãª me diz o que achou da cobertura .|adriana|t_eps_animado_rf
/l/disk1/awstebas/data/TTS/vozes_sync/Adriana/beta/expressivo_animado_rf/wav16/expressivo_animado_rf0082.wav|de abril atã© agora , foi exclusivamente pela televisã£o .|adriana|t_eps_animado_rf
/l/disk1/awstebas/data/TTS/vozes_sync/Adriana/beta/expressivo_animado_rf/wav16/expressivo_animado_rf0093.wav|veja se a caixa inclui a bula original .|adriana|t_eps_animado_rf
/l/disk1/awstebas/data/TTS/vozes_sync/Adriana/beta/expressivo_animado/wav16/expressivo_animado0041.wav|essa caixa de chocolates ã© uma tentaã§ã£o .|adriana|t_eps_animado_rf
/l/disk1/awstebas/data/TTS/vozes_sync/Adriana/beta/expressivo_animado_rf/wav16/expressivo_animado_rf0225.wav|se tudo der certo , esta tese me darã¡ um tã­tulo .|adriana|t_eps_animado_rf
/l/disk1/awstebas/data/TTS/vozes_sync/Adriana/beta/expressivo_animado/wav16/expressivo_animado0110.wav|ã‰ isso mesmo ! vamos juntar todos e festejar como merecemos .|adriana|t_eps_animado_rf
/l/disk1/awstebas/data/TTS/vozes_sync/Adriana/beta/expressivo_animado_rf/wav16/expressivo_animado_rf0011.wav|o suave perfume das gardãªnias ã© a principal caracterã­stica do jardim central .|adriana|t_eps_animado_rf
/l/disk1/awstebas/data/TTS/vozes_sync/Adriana/beta/expressivo_animado/wav16/expressivo_animado0021.wav|vocãª , alã©m da mais querida , foi a melhor aluna da turma de engenharia de 2019 .|adriana|t_eps_animado_rf
/l/disk1/awstebas/data/TTS/vozes_sync/Adriana/beta/expressivo_animado/wav16/expressivo_animado0073.wav|um sofã¡ e um bom livro ã© tudo que preciso para me sentir bem .|adriana|t_eps_animado_rf
/l/disk1/awstebas/data/TTS/vozes_sync/Adriana/beta/expressivo_animado_rf/wav16/expressivo_animado_rf0077.wav|potencial para atendimento aos cidadã£os .|adriana|t_eps_animado_rf
/l/disk1/awstebas/data/TTS/vozes_sync/Adriana/beta/expressivo_animado_rf/wav16/expressivo_animado_rf0042.wav|para o mercado de trabalho , vocãªs tem que se sobressair na entrevista coletiva .|adriana|t_eps_animado_rf
/l/disk1/awstebas/data/TTS/vozes_sync/Adriana/beta/expressivo_animado/wav16/expressivo_animado0096.wav|boa tarde gente querida , que bom revãª-los depois dessas fã©rias .|adriana|t_eps_animado_rf
/l/disk1/awstebas/data/TTS/vozes_sync/Adriana/beta/expressivo_animado/wav16/expressivo_animado0053.wav|eu lembro do gosto do pã£o quente e do cheiro de cafã© recã©m feito .|adriana|t_eps_animado_rf
/l/disk1/awstebas/data/TTS/vozes_sync/Adriana/beta/expressivo_animado_rf/wav16/expressivo_animado_rf0058.wav|observatã³rio sã­rio de direitos humanos inaugurou durante o carnaval .|adriana|t_eps_animado_rf
/l/disk1/awstebas/data/TTS/vozes_sync/Adriana/beta/expressivo_animado/wav16/expressivo_animado0007.wav|essa medicaã§ã£o tem gosto de framboesa e vai te fazer muito bem .|adriana|t_eps_animado_rf
/l/disk1/awstebas/data/TTS/vozes_sync/Adriana/beta/expressivo_animado_rf/wav16/expressivo_animado_rf0046.wav|utilizar o espaã§o para protesto contra os parlamentares , uma coisa boa de acontecer .|adriana|t_eps_animado_rf
/l/disk1/awstebas/data/TTS/vozes_sync/Adriana/beta/expressivo_animado/wav16/expressivo_animado0142.wav|cadastre-se e seja mais um revendedor jequitã­ .|adriana|t_eps_animado_rf
/l/disk1/awstebas/data/TTS/vozes_sync/Adriana/beta/expressivo_animado_rf/wav16/expressivo_animado_rf0207.wav|buraco na ã¡rvore sempre foi assim .|adriana|t_eps_animado_rf
/l/disk1/awstebas/data/TTS/vozes_sync/Adriana/beta/expressivo_animado_rf/wav16/expressivo_animado_rf0127.wav|o coordenador perde o peso que adquiriu em sã£o bernardo .|adriana|t_eps_animado_rf
/l/disk1/awstebas/data/TTS/vozes_sync/Adriana/beta/expressivo_animado_rf/wav16/expressivo_animado_rf0177.wav|o homem explica o dã©ficit com ajuda de aparelhos .|adriana|t_eps_animado_rf
/l/disk1/awstebas/data/TTS/vozes_sync/Adriana/beta/expressivo_animado_rf/wav16/expressivo_animado_rf0227.wav|exã©rcito egã­pcio nega que chamada antiterrorismo vise ã  irmandade .|adriana|t_eps_animado_rf
/l/disk1/awstebas/data/TTS/vozes_sync/Adriana/beta/expressivo_animado_rf/wav16/expressivo_animado_rf0035.wav|de acordo com a pm , assaltaram a caixa econã´mica federal .|adriana|t_eps_animado_rf
/l/disk1/awstebas/data/TTS/vozes_sync/Adriana/beta/expressivo_animado_rf/wav16/expressivo_animado_rf0123.wav|nesse livro , o autor aborda a evoluã§ã£o do machismo em nossa sociedade .|adriana|t_eps_animado_rf
/l/disk1/awstebas/data/TTS/vozes_sync/Adriana/beta/expressivo_animado_rf/wav16/expressivo_animado_rf0087.wav|o hã¡bito vem de pequeno , afirma a mã£e , maria aparecida .|adriana|t_eps_animado_rf
/l/disk1/awstebas/data/TTS/vozes_sync/Adriana/beta/expressivo_animado_rf/wav16/expressivo_animado_rf0213.wav|sã³ com um ciclo de gripe no ar .|adriana|t_eps_animado_rf
/l/disk1/awstebas/data/TTS/vozes_sync/Adriana/beta/expressivo_animado/wav16/expressivo_animado0063.wav|a promoã§ã£o inclui uma cesta de frutas e doces de presente .|adriana|t_eps_animado_rf
/l/disk1/awstebas/data/TTS/vozes_sync/Adriana/beta/expressivo_animado_rf/wav16/expressivo_animado_rf0006.wav|o inverno chegarã¡ bastante forte este ano .|adriana|t_eps_animado_rf
/l/disk1/awstebas/data/TTS/vozes_sync/Adriana/beta/expressivo_animado_rf/wav16/expressivo_animado_rf0162.wav|morreu ao buscar poder .|adriana|t_eps_animado_rf
/l/disk1/awstebas/data/TTS/vozes_sync/Adriana/beta/expressivo_animado_rf/wav16/expressivo_animado_rf0194.wav|incluindo o duelo entre o argentino e o inglãªs nas ruas .|adriana|t_eps_animado_rf
/l/disk1/awstebas/data/TTS/vozes_sync/Adriana/beta/expressivo_animado/wav16/expressivo_animado0094.wav|boa noite pra todos ! jã¡ jã¡ comeã§amos com a aula de hoje , que promete .|adriana|t_eps_animado_rf
/l/disk1/awstebas/data/TTS/vozes_sync/Adriana/beta/expressivo_animado/wav16/expressivo_animado0038.wav|a lã­via nã£o pã¡ra de pular de alegria com a festa de aniversã¡rio que ganhou .|adriana|t_eps_animado_rf
/l/disk1/awstebas/data/TTS/vozes_sync/Adriana/beta/expressivo_animado_rf/wav16/expressivo_animado_rf0174.wav|mas a lentidã£o assumiu o ensino na escola .|adriana|t_eps_animado_rf
/l/disk1/awstebas/data/TTS/vozes_sync/Adriana/beta/expressivo_animado_rf/wav16/expressivo_animado_rf0184.wav|consumidor levou uma tv sem valor .|adriana|t_eps_animado_rf
/l/disk1/awstebas/data/TTS/vozes_sync/Adriana/beta/expressivo_animado_rf/wav16/expressivo_animado_rf0209.wav|a doenã§a ã© uma ameaã§a ao nordeste .|adriana|t_eps_animado_rf
/l/disk1/awstebas/data/TTS/vozes_sync/Adriana/beta/expressivo_animado_rf/wav16/expressivo_animado_rf0138.wav|ensinou a usar sinalizadores , e , no entanto , a confusã£o ainda existe .|adriana|t_eps_animado_rf
/l/disk1/awstebas/data/TTS/vozes_sync/Adriana/beta/expressivo_animado/wav16/expressivo_animado0089.wav|vocãª vai ver: vamos te dar o maior desconto que possa imaginar .|adriana|t_eps_animado_rf
