|wav_path|text|emb_id
2|/l/disk1/awstebas/data/TTS/vozes_sync/Alfredo/1.0/expressivo_animado/wav16/expressivo_animado0194.wav|incluindo o duelo entre o argentino e o inglãƒâªs nas ruas .|expressivo_animado
4|/l/disk1/awstebas/data/TTS/vozes_sync/Alfredo/1.0/expressivo_animado/wav16/expressivo_animado0219.wav|apãƒâ³s a dãƒâ©cada de 1980 , a corãƒâ©ia conseguiu se identificar .|expressivo_animado
5|/l/disk1/awstebas/data/TTS/vozes_sync/Alfredo/1.0/expressivo_animado/wav16/expressivo_animado0001.wav|nãƒâ£o pode haver trãƒâ©guas na guerra contra a malãƒâ¡ria .|expressivo_animado
6|/l/disk1/awstebas/data/TTS/vozes_sync/Alfredo/1.0/expressivo_animado/wav16/expressivo_animado0211.wav|esse ãƒâ© um homem que tinha meu voto .|expressivo_animado
7|/l/disk1/awstebas/data/TTS/vozes_sync/Alfredo/1.0/expressivo_animado/wav16/expressivo_animado0062.wav|ciãƒâªncia deu a liberaãƒâ§ãƒâ£o para experiãƒâªncias com explosãƒâ£o .|expressivo_animado
10|/l/disk1/awstebas/data/TTS/vozes_sync/Alfredo/1.0/expressivo_animado/wav16/expressivo_animado0220.wav|ganharam a quina e vãƒâ£o levar um bilhãƒâ£o .|expressivo_animado
11|/l/disk1/awstebas/data/TTS/vozes_sync/Alfredo/1.0/expressivo_animado/wav16/expressivo_animado0167.wav|lojas do municãƒâ­pio com tecnologia antiterrorismo .|expressivo_animado
12|/l/disk1/awstebas/data/TTS/vozes_sync/Alfredo/1.0/expressivo_animado/wav16/expressivo_animado0187.wav|laura e cãƒâ©sar entendem os bebãƒâªs dos vizinhos .|expressivo_animado
14|/l/disk1/awstebas/data/TTS/vozes_sync/Alfredo/1.0/expressivo_animado/wav16/expressivo_animado0173.wav|tinham exames na ãƒâ©poca do globo .|expressivo_animado
18|/l/disk1/awstebas/data/TTS/vozes_sync/Alfredo/1.0/expressivo_animado/wav16/expressivo_animado0026.wav|os programas audiovisuais melhoraram significativamente a partir de 1991 .|expressivo_animado
21|/l/disk1/awstebas/data/TTS/vozes_sync/Alfredo/1.0/expressivo_animado/wav16/expressivo_animado0046.wav|utilizar o espaãƒâ§o para protesto contra os parlamentares , uma coisa boa de acontecer .|expressivo_animado
23|/l/disk1/awstebas/data/TTS/vozes_sync/Alfredo/1.0/expressivo_animado/wav16/expressivo_animado0215.wav|leia a ãƒâ­ntegra do texto aqui .|expressivo_animado
26|/l/disk1/awstebas/data/TTS/vozes_sync/Alfredo/1.0/expressivo_animado/wav16/expressivo_animado0100.wav|ainda assim teremos o programa nuclear iraniano .|expressivo_animado
28|/l/disk1/awstebas/data/TTS/vozes_sync/Alfredo/1.0/expressivo_animado/wav16/expressivo_animado0175.wav|chega a ir e vir sozinho de goiãƒâ¡s .|expressivo_animado
33|/l/disk1/awstebas/data/TTS/vozes_sync/Alfredo/1.0/expressivo_animado/wav16/expressivo_animado0228.wav|o volume de carros na rodovia castello branco .|expressivo_animado
36|/l/disk1/awstebas/data/TTS/vozes_sync/Alfredo/1.0/expressivo_animado/wav16/expressivo_animado0086.wav|ãƒâ‰ isso que vinha dizendo o grupo islãƒâ¢mico hamas .|expressivo_animado
40|/l/disk1/awstebas/data/TTS/vozes_sync/Alfredo/1.0/expressivo_animado/wav16/expressivo_animado0090.wav|sei que ãƒâ© complexo o controle de filas .|expressivo_animado
44|/l/disk1/awstebas/data/TTS/vozes_sync/Alfredo/1.0/expressivo_animado/wav16/expressivo_animado0213.wav|sãƒâ³ com um ciclo de gripe no ar .|expressivo_animado
47|/l/disk1/awstebas/data/TTS/vozes_sync/Alfredo/1.0/expressivo_animado/wav16/expressivo_animado0214.wav|as luzes da rua devem ser apagadas ãƒâ s vinte e duas horas .|expressivo_animado
48|/l/disk1/awstebas/data/TTS/vozes_sync/Alfredo/1.0/expressivo_animado/wav16/expressivo_animado0164.wav|tem que encerrar a novela da globo ali .|expressivo_animado
49|/l/disk1/awstebas/data/TTS/vozes_sync/Alfredo/1.0/expressivo_animado/wav16/expressivo_animado0144.wav|alexandre padilha , na ocasiãƒâ£o do conflito .|expressivo_animado
51|/l/disk1/awstebas/data/TTS/vozes_sync/Alfredo/1.0/expressivo_animado/wav16/expressivo_animado0025.wav|significa que sua candidatura obedece ao propãƒâ³sito atual .|expressivo_animado
53|/l/disk1/awstebas/data/TTS/vozes_sync/Alfredo/1.0/expressivo_animado/wav16/expressivo_animado0193.wav|eu me sinto capaz de assumir esse mandato .|expressivo_animado
56|/l/disk1/awstebas/data/TTS/vozes_sync/Alfredo/1.0/expressivo_animado/wav16/expressivo_animado0121.wav|a cãƒâ´rte indicou que as examinarãƒâ¡ , diz agãƒâªncia russa .|expressivo_animado
57|/l/disk1/awstebas/data/TTS/vozes_sync/Alfredo/1.0/expressivo_animado/wav16/expressivo_animado0030.wav|nasceu em 1934 , pelas mãƒâ£os de parteira domiciliar .|expressivo_animado
58|/l/disk1/awstebas/data/TTS/vozes_sync/Alfredo/1.0/expressivo_animado/wav16/expressivo_animado0202.wav|casal gay quer adotar filhos .|expressivo_animado
59|/l/disk1/awstebas/data/TTS/vozes_sync/Alfredo/1.0/expressivo_animado/wav16/expressivo_animado0092.wav|as vãƒâ­timas acreditam que seu agressor nãƒâ£o resistiu e morreu .|expressivo_animado
60|/l/disk1/awstebas/data/TTS/vozes_sync/Alfredo/1.0/expressivo_animado/wav16/expressivo_animado0045.wav|governadores da oposiãƒâ§ãƒâ£o querem reforma tributãƒâ¡ria e fiscal .|expressivo_animado
62|/l/disk1/awstebas/data/TTS/vozes_sync/Alfredo/1.0/expressivo_animado/wav16/expressivo_animado0101.wav|a polãƒâ­cia afirmou que a morte era inexplicãƒâ¡vel , inimaginãƒâ¡vel .|expressivo_animado
64|/l/disk1/awstebas/data/TTS/vozes_sync/Alfredo/1.0/expressivo_animado/wav16/expressivo_animado0080.wav|apenas uma nãƒâ£o era do fabricante do produto .|expressivo_animado
65|/l/disk1/awstebas/data/TTS/vozes_sync/Alfredo/1.0/expressivo_animado/wav16/expressivo_animado0016.wav|essa biblioteca nãƒâ£o chega nem aos pãƒâ©s da que eu visitei .|expressivo_animado
67|/l/disk1/awstebas/data/TTS/vozes_sync/Alfredo/1.0/expressivo_animado/wav16/expressivo_animado0102.wav|o bahia e o flamengo , em ribeirãƒâ£o , um ano depois .|expressivo_animado
68|/l/disk1/awstebas/data/TTS/vozes_sync/Alfredo/1.0/expressivo_animado/wav16/expressivo_animado0035.wav|de acordo com a pm , assaltaram a caixa econãƒâ´mica federal .|expressivo_animado
69|/l/disk1/awstebas/data/TTS/vozes_sync/Alfredo/1.0/expressivo_animado/wav16/expressivo_animado0170.wav|roubar sem barulho ou quadrilha .|expressivo_animado
71|/l/disk1/awstebas/data/TTS/vozes_sync/Alfredo/1.0/expressivo_animado/wav16/expressivo_animado0185.wav|ter um museu em porto alegre .|expressivo_animado
74|/l/disk1/awstebas/data/TTS/vozes_sync/Alfredo/1.0/expressivo_animado/wav16/expressivo_animado0055.wav|para preparar o orãƒâ§amento , pretende escolher o que estãƒâ¡ pronto .|expressivo_animado
75|/l/disk1/awstebas/data/TTS/vozes_sync/Alfredo/1.0/expressivo_animado/wav16/expressivo_animado0051.wav|a delegaãƒâ§ãƒâ£o estava presente em campos do jordãƒâ£o .|expressivo_animado
76|/l/disk1/awstebas/data/TTS/vozes_sync/Alfredo/1.0/expressivo_animado/wav16/expressivo_animado0077.wav|potencial para atendimento aos cidadãƒâ£os .|expressivo_animado
77|/l/disk1/awstebas/data/TTS/vozes_sync/Alfredo/1.0/expressivo_animado/wav16/expressivo_animado0206.wav|sorocaba atinge quantia da dãƒâ­vida .|expressivo_animado
78|/l/disk1/awstebas/data/TTS/vozes_sync/Alfredo/1.0/expressivo_animado/wav16/expressivo_animado0154.wav|miguel sabia de homicãƒâ­dios na barra da tijuca .|expressivo_animado
80|/l/disk1/awstebas/data/TTS/vozes_sync/Alfredo/1.0/expressivo_animado/wav16/expressivo_animado0073.wav|o plano real vale para empresa internacional , inclusive .|expressivo_animado
84|/l/disk1/awstebas/data/TTS/vozes_sync/Alfredo/1.0/expressivo_animado/wav16/expressivo_animado0208.wav|discutir o rumo de osasco contra o crime organizado .|expressivo_animado
86|/l/disk1/awstebas/data/TTS/vozes_sync/Alfredo/1.0/expressivo_animado/wav16/expressivo_animado0010.wav|nenhuma indãƒâºstria pode viver permanentemente de subsãƒâ­dios .|expressivo_animado
88|/l/disk1/awstebas/data/TTS/vozes_sync/Alfredo/1.0/expressivo_animado/wav16/expressivo_animado0188.wav|desenvolver o curso a mãƒâ©dio e longo prazos .|expressivo_animado
89|/l/disk1/awstebas/data/TTS/vozes_sync/Alfredo/1.0/expressivo_animado/wav16/expressivo_animado0182.wav|jãƒâºnior , que investiga a guerra civil carioca .|expressivo_animado
90|/l/disk1/awstebas/data/TTS/vozes_sync/Alfredo/1.0/expressivo_animado/wav16/expressivo_animado0011.wav|o suave perfume das gardãƒâªnias ãƒâ© a principal caracterãƒâ­stica do jardim central .|expressivo_animado
91|/l/disk1/awstebas/data/TTS/vozes_sync/Alfredo/1.0/expressivo_animado/wav16/expressivo_animado0021.wav|aeronave a etanol sãƒâ£o menores .|expressivo_animado
92|/l/disk1/awstebas/data/TTS/vozes_sync/Alfredo/1.0/expressivo_animado/wav16/expressivo_animado0160.wav|o diretor alemãƒâ£o oferece uma vaga na baixada fluminense .|expressivo_animado
93|/l/disk1/awstebas/data/TTS/vozes_sync/Alfredo/1.0/expressivo_animado/wav16/expressivo_animado0134.wav|de modo que ãƒâ© seguro usar o relãƒâ³gio de ouro .|expressivo_animado
95|/l/disk1/awstebas/data/TTS/vozes_sync/Alfredo/1.0/expressivo_animado/wav16/expressivo_animado0218.wav|ele tambãƒâ©m critica hillary clinton .|expressivo_animado
96|/l/disk1/awstebas/data/TTS/vozes_sync/Alfredo/1.0/expressivo_animado/wav16/expressivo_animado0221.wav|a dieta desse povo ãƒâ© baseada em arroz e frutas .|expressivo_animado
97|/l/disk1/awstebas/data/TTS/vozes_sync/Alfredo/1.0/expressivo_animado/wav16/expressivo_animado0223.wav|e sãƒâ³ a igreja catãƒâ³lica visita a itãƒâ¡lia e seu patrimãƒâ´nio .|expressivo_animado
98|/l/disk1/awstebas/data/TTS/vozes_sync/Alfredo/1.0/expressivo_animado/wav16/expressivo_animado0204.wav|irmãƒâ£ responde ao repãƒâ³rter da emissora .|expressivo_animado
99|/l/disk1/awstebas/data/TTS/vozes_sync/Alfredo/1.0/expressivo_animado/wav16/expressivo_animado0186.wav|homens armados e terrorismo sob suspeitas .|expressivo_animado
101|/l/disk1/awstebas/data/TTS/vozes_sync/Alfredo/1.0/expressivo_animado/wav16/expressivo_animado0008.wav|em qualquer lugar de belãƒâ©m serve-se suco de aãƒâ§aãƒâ­ e ãƒâ¡gua de coco .|expressivo_animado
104|/l/disk1/awstebas/data/TTS/vozes_sync/Alfredo/1.0/expressivo_animado/wav16/expressivo_animado0184.wav|consumidor levou uma tv sem valor .|expressivo_animado
106|/l/disk1/awstebas/data/TTS/vozes_sync/Alfredo/1.0/expressivo_animado/wav16/expressivo_animado0078.wav|instituiãƒâ§ãƒâµes financeiras em massa no vermelho .|expressivo_animado
107|/l/disk1/awstebas/data/TTS/vozes_sync/Alfredo/1.0/expressivo_animado/wav16/expressivo_animado0087.wav|o hãƒâ¡bito vem de pequeno , afirma a mãƒâ£e , maria aparecida .|expressivo_animado
108|/l/disk1/awstebas/data/TTS/vozes_sync/Alfredo/1.0/expressivo_animado/wav16/expressivo_animado0018.wav|pesquisa no japãƒâ£o acerca da democracia .|expressivo_animado
109|/l/disk1/awstebas/data/TTS/vozes_sync/Alfredo/1.0/expressivo_animado/wav16/expressivo_animado0095.wav|tomar apenas a ditadura por exemplo , e talvez pensar em algo mais grave .|expressivo_animado
110|/l/disk1/awstebas/data/TTS/vozes_sync/Alfredo/1.0/expressivo_animado/wav16/expressivo_animado0227.wav|exãƒâ©rcito egãƒâ­pcio nega que chamada antiterrorismo vise ãƒâ  irmandade .|expressivo_animado
111|/l/disk1/awstebas/data/TTS/vozes_sync/Alfredo/1.0/expressivo_animado/wav16/expressivo_animado0151.wav|a reforma econãƒâ´mica da china , melhorou profundamente a gestãƒâ£o das empresas .|expressivo_animado
112|/l/disk1/awstebas/data/TTS/vozes_sync/Alfredo/1.0/expressivo_animado/wav16/expressivo_animado0075.wav|disse que nãƒâ£o tinha a intenãƒâ§ãƒâ£o de deixar a sua conta no banco .|expressivo_animado
113|/l/disk1/awstebas/data/TTS/vozes_sync/Alfredo/1.0/expressivo_animado/wav16/expressivo_animado0137.wav|ganho de petrãƒâ³leo e gãƒâ¡s , do grupo ebx , no mãƒâªs que vem .|expressivo_animado
114|/l/disk1/awstebas/data/TTS/vozes_sync/Alfredo/1.0/expressivo_animado/wav16/expressivo_animado0020.wav|a mansãƒâ£o tem um jardim com lago e fonte luminosa .|expressivo_animado
115|/l/disk1/awstebas/data/TTS/vozes_sync/Alfredo/1.0/expressivo_animado/wav16/expressivo_animado0209.wav|a doenãƒâ§a ãƒâ© uma ameaãƒâ§a ao nordeste .|expressivo_animado
117|/l/disk1/awstebas/data/TTS/vozes_sync/Alfredo/1.0/expressivo_animado/wav16/expressivo_animado0111.wav|a equipe europeia da petrobrãƒâ¡s jãƒâ¡ estava no esquema .|expressivo_animado
118|/l/disk1/awstebas/data/TTS/vozes_sync/Alfredo/1.0/expressivo_animado/wav16/expressivo_animado0056.wav|do dia do sorteio atãƒâ© por volta das 17h .|expressivo_animado
120|/l/disk1/awstebas/data/TTS/vozes_sync/Alfredo/1.0/expressivo_animado/wav16/expressivo_animado0114.wav|o que vai acontecer , no segundo bloco , na novela francesa .|expressivo_animado
122|/l/disk1/awstebas/data/TTS/vozes_sync/Alfredo/1.0/expressivo_animado/wav16/expressivo_animado0149.wav|a partir de quinta-feira , os visitantes serãƒâ£o identificados atravãƒâ©s de um cartãƒâ£o magnãƒâ©tico .|expressivo_animado
125|/l/disk1/awstebas/data/TTS/vozes_sync/Alfredo/1.0/expressivo_animado/wav16/expressivo_animado0143.wav|leva joaquim ãƒâ  turquia em duas semanas .|expressivo_animado
127|/l/disk1/awstebas/data/TTS/vozes_sync/Alfredo/1.0/expressivo_animado/wav16/expressivo_animado0128.wav|na usp sugerem que hãƒâ¡ droga mais antiga .|expressivo_animado
128|/l/disk1/awstebas/data/TTS/vozes_sync/Alfredo/1.0/expressivo_animado/wav16/expressivo_animado0098.wav|meu pai me inspirou no dia a dia .|expressivo_animado
129|/l/disk1/awstebas/data/TTS/vozes_sync/Alfredo/1.0/expressivo_animado/wav16/expressivo_animado0033.wav|os rebeldes da universidade decretaram situaãƒâ§ãƒâ£o de ocupaãƒâ§ãƒâ£o .|expressivo_animado
130|/l/disk1/awstebas/data/TTS/vozes_sync/Alfredo/1.0/expressivo_animado/wav16/expressivo_animado0034.wav|o valor da habitaãƒâ§ãƒâ£o brasileira subiu para a construtora de brasãƒâ­lia .|expressivo_animado
133|/l/disk1/awstebas/data/TTS/vozes_sync/Alfredo/1.0/expressivo_animado/wav16/expressivo_animado0131.wav|a terra , apontava o estudo , era maior que a lua .|expressivo_animado
135|/l/disk1/awstebas/data/TTS/vozes_sync/Alfredo/1.0/expressivo_animado/wav16/expressivo_animado0125.wav|ganhou a quina e vãƒâ£o levar 4 milhãƒâµes .|expressivo_animado
136|/l/disk1/awstebas/data/TTS/vozes_sync/Alfredo/1.0/expressivo_animado/wav16/expressivo_animado0169.wav|vocãƒâª tem a multa como algo natural .|expressivo_animado
138|/l/disk1/awstebas/data/TTS/vozes_sync/Alfredo/1.0/expressivo_animado/wav16/expressivo_animado0029.wav|e a primeira vez que o nome do brasil aparece nesta publicaãƒâ§ãƒâ£o .|expressivo_animado
141|/l/disk1/awstebas/data/TTS/vozes_sync/Alfredo/1.0/expressivo_animado/wav16/expressivo_animado0190.wav|o atacante bateu em cunha durante a disputa .|expressivo_animado
142|/l/disk1/awstebas/data/TTS/vozes_sync/Alfredo/1.0/expressivo_animado/wav16/expressivo_animado0103.wav|ganho mensal direto na folha .|expressivo_animado
143|/l/disk1/awstebas/data/TTS/vozes_sync/Alfredo/1.0/expressivo_animado/wav16/expressivo_animado0210.wav|o decreto ãƒâ© superior ãƒâ  vontade individual .|expressivo_animado
144|/l/disk1/awstebas/data/TTS/vozes_sync/Alfredo/1.0/expressivo_animado/wav16/expressivo_animado0049.wav|a famãƒâ­lia anunciou que nãƒâ£o vai fazer previsãƒâ£o para a manutenãƒâ§ãƒâ£o automotiva .|expressivo_animado
145|/l/disk1/awstebas/data/TTS/vozes_sync/Alfredo/1.0/expressivo_animado/wav16/expressivo_animado0006.wav|o inverno chegarãƒâ¡ bastante forte este ano .|expressivo_animado
146|/l/disk1/awstebas/data/TTS/vozes_sync/Alfredo/1.0/expressivo_animado/wav16/expressivo_animado0005.wav|o discurso de encerramento foi brilhante .|expressivo_animado
148|/l/disk1/awstebas/data/TTS/vozes_sync/Alfredo/1.0/expressivo_animado/wav16/expressivo_animado0028.wav|no mãƒâªs passado , cerca de trãƒâªs milhãƒâµes de pessoas foram ao rio amazonas .|expressivo_animado
150|/l/disk1/awstebas/data/TTS/vozes_sync/Alfredo/1.0/expressivo_animado/wav16/expressivo_animado0063.wav|para ter sua mulher e seus familiares para sempre .|expressivo_animado
156|/l/disk1/awstebas/data/TTS/vozes_sync/Alfredo/1.0/expressivo_animado/wav16/expressivo_animado0139.wav|os ingressos custam poucos dãƒâ³lares atãƒâ© abril .|expressivo_animado
158|/l/disk1/awstebas/data/TTS/vozes_sync/Alfredo/1.0/expressivo_animado/wav16/expressivo_animado0155.wav|antãƒâ´nio torna o game tranquilo .|expressivo_animado
165|/l/disk1/awstebas/data/TTS/vozes_sync/Alfredo/1.0/expressivo_animado/wav16/expressivo_animado0097.wav|nãƒâ£o houve tempo e a venda finalizou .|expressivo_animado
166|/l/disk1/awstebas/data/TTS/vozes_sync/Alfredo/1.0/expressivo_animado/wav16/expressivo_animado0061.wav|os leitores podem colaborar com esta rodada do jogo .|expressivo_animado
167|/l/disk1/awstebas/data/TTS/vozes_sync/Alfredo/1.0/expressivo_animado/wav16/expressivo_animado0163.wav|aberta candidatura de joaquim barbosa ao cargo .|expressivo_animado
168|/l/disk1/awstebas/data/TTS/vozes_sync/Alfredo/1.0/expressivo_animado/wav16/expressivo_animado0152.wav|todos dizem que se trata do pior filme da histãƒâ³ria do festival de cinema .|expressivo_animado
169|/l/disk1/awstebas/data/TTS/vozes_sync/Alfredo/1.0/expressivo_animado/wav16/expressivo_animado0048.wav|a ãƒâ¡gua pelo caminho provocou congestionamento , com veãƒâ­culos envolvidos em acidente .|expressivo_animado
172|/l/disk1/awstebas/data/TTS/vozes_sync/Alfredo/1.0/expressivo_animado/wav16/expressivo_animado0177.wav|o homem explica o dãƒâ©ficit com ajuda de aparelhos .|expressivo_animado
174|/l/disk1/awstebas/data/TTS/vozes_sync/Alfredo/1.0/expressivo_animado/wav16/expressivo_animado0171.wav|fifa ganhou a quinta nota tãƒâ©cnica .|expressivo_animado
175|/l/disk1/awstebas/data/TTS/vozes_sync/Alfredo/1.0/expressivo_animado/wav16/expressivo_animado0226.wav|amigos possãƒâ­veis de luiz filipe scolãƒâ¡ri .|expressivo_animado
176|/l/disk1/awstebas/data/TTS/vozes_sync/Alfredo/1.0/expressivo_animado/wav16/expressivo_animado0192.wav|provocou os amigos e os chamou para conversar .|expressivo_animado
177|/l/disk1/awstebas/data/TTS/vozes_sync/Alfredo/1.0/expressivo_animado/wav16/expressivo_animado0084.wav|em belo horizonte , o prãƒâªmio acumulou .|expressivo_animado
178|/l/disk1/awstebas/data/TTS/vozes_sync/Alfredo/1.0/expressivo_animado/wav16/expressivo_animado0138.wav|ensinou a usar sinalizadores , e , no entanto , a confusãƒâ£o ainda existe .|expressivo_animado
179|/l/disk1/awstebas/data/TTS/vozes_sync/Alfredo/1.0/expressivo_animado/wav16/expressivo_animado0036.wav|nos ãƒâºltimos cinco ou seis meses , nãƒâ£o se pronunciaram nas redes cibernãƒâ©ticas .|expressivo_animado
180|/l/disk1/awstebas/data/TTS/vozes_sync/Alfredo/1.0/expressivo_animado/wav16/expressivo_animado0091.wav|no aeroporto do galeãƒâ£o , solo negro passarãƒâ¡ por anãƒâ¡lise de origem .|expressivo_animado
181|/l/disk1/awstebas/data/TTS/vozes_sync/Alfredo/1.0/expressivo_animado/wav16/expressivo_animado0130.wav|nãƒâ£o ter sido rico como o lãƒâ­der supremo do irãƒâ£ , tem sua vantagem .|expressivo_animado
182|/l/disk1/awstebas/data/TTS/vozes_sync/Alfredo/1.0/expressivo_animado/wav16/expressivo_animado0047.wav|paãƒâ­s com um pouco mais de polãƒâ­tica externa , diz o especialista .|expressivo_animado
183|/l/disk1/awstebas/data/TTS/vozes_sync/Alfredo/1.0/expressivo_animado/wav16/expressivo_animado0119.wav|serãƒâ£o visitados china , formosa , panamãƒâ¡ , paraguai e venezuela .|expressivo_animado
187|/l/disk1/awstebas/data/TTS/vozes_sync/Alfredo/1.0/expressivo_animado/wav16/expressivo_animado0115.wav|thiago silva , zagueiro , decidiu no pãƒâªnalti .|expressivo_animado
188|/l/disk1/awstebas/data/TTS/vozes_sync/Alfredo/1.0/expressivo_animado/wav16/expressivo_animado0038.wav|foi tomada como uma forma de estimativa na bolsa de valores .|expressivo_animado
189|/l/disk1/awstebas/data/TTS/vozes_sync/Alfredo/1.0/expressivo_animado/wav16/expressivo_animado0064.wav|chegou ãƒâ  marca de 60 por 19 horas de 11 de setembro .|expressivo_animado
191|/l/disk1/awstebas/data/TTS/vozes_sync/Alfredo/1.0/expressivo_animado/wav16/expressivo_animado0032.wav|a cesta bãƒâ¡sica traz o mãƒâ­nimo para as famãƒâ­lias dos funcionãƒâ¡rios .|expressivo_animado
192|/l/disk1/awstebas/data/TTS/vozes_sync/Alfredo/1.0/expressivo_animado/wav16/expressivo_animado0106.wav|a alianãƒâ§a entre cemitãƒâ©rio e crematãƒâ³rio africano .|expressivo_animado
193|/l/disk1/awstebas/data/TTS/vozes_sync/Alfredo/1.0/expressivo_animado/wav16/expressivo_animado0108.wav|por lavagem de dinheiro , acabou em oito prisãƒâµes .|expressivo_animado
195|/l/disk1/awstebas/data/TTS/vozes_sync/Alfredo/1.0/expressivo_animado/wav16/expressivo_animado0230.wav|do paraguai pra baixo , vamos pelo caminho .|expressivo_animado
196|/l/disk1/awstebas/data/TTS/vozes_sync/Alfredo/1.0/expressivo_animado/wav16/expressivo_animado0217.wav|vou aos jogos olãƒâ­mpicos de londres sozinho .|expressivo_animado
197|/l/disk1/awstebas/data/TTS/vozes_sync/Alfredo/1.0/expressivo_animado/wav16/expressivo_animado0124.wav|a ideia ãƒâ© do fotãƒâ³grafo , que montou um painel: brilho carioca .|expressivo_animado
198|/l/disk1/awstebas/data/TTS/vozes_sync/Alfredo/1.0/expressivo_animado/wav16/expressivo_animado0195.wav|hãƒâ¡ dez automãƒâ³veis com o nome de rodrigues .|expressivo_animado
199|/l/disk1/awstebas/data/TTS/vozes_sync/Alfredo/1.0/expressivo_animado/wav16/expressivo_animado0017.wav|a chuva de granizo deixou marcas no telhado do ginãƒâ¡sio .|expressivo_animado
200|/l/disk1/awstebas/data/TTS/vozes_sync/Alfredo/1.0/expressivo_animado/wav16/expressivo_animado0085.wav|chanceler em jerusalãƒâ©m , pode nos dar mais detalhes .|expressivo_animado
202|/l/disk1/awstebas/data/TTS/vozes_sync/Alfredo/1.0/expressivo_animado/wav16/expressivo_animado0007.wav|a declaraãƒâ§ãƒâ£o do ministro sobre a flutuaãƒâ§ãƒâ£o do dãƒâ³lar ãƒâ© ambãƒâ­gua .|expressivo_animado
203|/l/disk1/awstebas/data/TTS/vozes_sync/Alfredo/1.0/expressivo_animado/wav16/expressivo_animado0052.wav|ãƒâ‰ melhor do que em 2010 , quanto ãƒâ s refeiãƒâ§ãƒâµes e passeios .|expressivo_animado
204|/l/disk1/awstebas/data/TTS/vozes_sync/Alfredo/1.0/expressivo_animado/wav16/expressivo_animado0050.wav|medidas de mercado ocupam a maior parte das feitas pelo parlamentar .|expressivo_animado
205|/l/disk1/awstebas/data/TTS/vozes_sync/Alfredo/1.0/expressivo_animado/wav16/expressivo_animado0224.wav|o torcedor foi recebido em almoãƒâ§o no canadãƒâ¡ .|expressivo_animado
207|/l/disk1/awstebas/data/TTS/vozes_sync/Alfredo/1.0/expressivo_animado/wav16/expressivo_animado0057.wav|em junho de 1995 , fizeram as duas obras .|expressivo_animado
209|/l/disk1/awstebas/data/TTS/vozes_sync/Alfredo/1.0/expressivo_animado/wav16/expressivo_animado0072.wav|para comentar a sabatina promovida , disse o treinador .|expressivo_animado
210|/l/disk1/awstebas/data/TTS/vozes_sync/Alfredo/1.0/expressivo_animado/wav16/expressivo_animado0071.wav|esclareceu sobre a vitãƒâ³ria por 3 a 0 nos pãƒâªnaltis .|expressivo_animado
213|/l/disk1/awstebas/data/TTS/vozes_sync/Alfredo/1.0/expressivo_animado/wav16/expressivo_animado0142.wav|grife de florianãƒâ³polis para a classe mãƒâ©dia .|expressivo_animado
214|/l/disk1/awstebas/data/TTS/vozes_sync/Alfredo/1.0/expressivo_animado/wav16/expressivo_animado0076.wav|desde o inãƒâ­cio , viu as projeãƒâ§ãƒâµes para os meninos de rua .|expressivo_animado
215|/l/disk1/awstebas/data/TTS/vozes_sync/Alfredo/1.0/expressivo_animado/wav16/expressivo_animado0150.wav|o conforto e a fartura das residãƒâªncias mais ricas contrasta com a pobreza da periferia .|expressivo_animado
216|/l/disk1/awstebas/data/TTS/vozes_sync/Alfredo/1.0/expressivo_animado/wav16/expressivo_animado0178.wav|gabinete do inglãƒâªs tem seu nome .|expressivo_animado
219|/l/disk1/awstebas/data/TTS/vozes_sync/Alfredo/1.0/expressivo_animado/wav16/expressivo_animado0157.wav|o nãƒâ­vel de consumo tendeu a subir em novembro .|expressivo_animado
222|/l/disk1/awstebas/data/TTS/vozes_sync/Alfredo/1.0/expressivo_animado/wav16/expressivo_animado0165.wav|defensor de ronaldinho continua sendo fundamental .|expressivo_animado
224|/l/disk1/awstebas/data/TTS/vozes_sync/Alfredo/1.0/expressivo_animado/wav16/expressivo_animado0082.wav|de abril atãƒâ© agora , foi exclusivamente pela televisãƒâ£o .|expressivo_animado
225|/l/disk1/awstebas/data/TTS/vozes_sync/Alfredo/1.0/expressivo_animado/wav16/expressivo_animado0099.wav|o ãƒâ³rgãƒâ£o da saãƒâºde quis reunir os jovens no twitter .|expressivo_animado
227|/l/disk1/awstebas/data/TTS/vozes_sync/Alfredo/1.0/expressivo_animado/wav16/expressivo_animado0037.wav|pelos ãƒâºltimos 40 anos e por uma cirurgia que ainda nãƒâ£o foi marcada .|expressivo_animado
228|/l/disk1/awstebas/data/TTS/vozes_sync/Alfredo/1.0/expressivo_animado/wav16/expressivo_animado0127.wav|o coordenador perde o peso que adquiriu em sãƒâ£o bernardo .|expressivo_animado
230|/l/disk1/awstebas/data/TTS/vozes_sync/Alfredo/1.0/expressivo_animado/wav16/expressivo_animado0200.wav|advogado veio saber sobre os pisos salariais prãƒâ³prios .|expressivo_animado
232|/l/disk1/awstebas/data/TTS/vozes_sync/Alfredo/1.0/expressivo_animado/wav16/expressivo_animado0133.wav|joãƒâ£o cãƒâ¢ndido chegou logo a seguir , em segundo lugar .|expressivo_animado
234|/l/disk1/awstebas/data/TTS/vozes_sync/Alfredo/1.0/expressivo_animado/wav16/expressivo_animado0039.wav|o suplemento de informãƒâ¡tica terãƒâ¡ cinquenta e nove pãƒâ¡ginas .|expressivo_animado
236|/l/disk1/awstebas/data/TTS/vozes_sync/Alfredo/1.0/expressivo_animado/wav16/expressivo_animado0012.wav|um grande artista rejeita conselhos de curiosos .|expressivo_animado
240|/l/disk1/awstebas/data/TTS/vozes_sync/Alfredo/1.0/expressivo_animado/wav16/expressivo_animado0023.wav|deve crescer o desempenho do setor automotivo .|expressivo_animado
242|/l/disk1/awstebas/data/TTS/vozes_sync/Alfredo/1.0/expressivo_animado/wav16/expressivo_animado0153.wav|permanecer em sala de aula e discutir o assunto .|expressivo_animado
243|/l/disk1/awstebas/data/TTS/vozes_sync/Alfredo/1.0/expressivo_animado/wav16/expressivo_animado0118.wav|na ãƒâºltima chance , sobe conforme o cãƒâ¢mbio .|expressivo_animado
244|/l/disk1/awstebas/data/TTS/vozes_sync/Alfredo/1.0/expressivo_animado/wav16/expressivo_animado0003.wav|vãƒâ¡rios atletas tiveram um desempenho muito abaixo do esperado .|expressivo_animado
245|/l/disk1/awstebas/data/TTS/vozes_sync/Alfredo/1.0/expressivo_animado/wav16/expressivo_animado0081.wav|tinham empregos na secretaria da saãƒâºde , declarou .|expressivo_animado
246|/l/disk1/awstebas/data/TTS/vozes_sync/Alfredo/1.0/expressivo_animado/wav16/expressivo_animado0074.wav|o caso foi registrado no julgamento .|expressivo_animado
249|/l/disk1/awstebas/data/TTS/vozes_sync/Alfredo/1.0/expressivo_animado/wav16/expressivo_animado0205.wav|tentou criar um reino unido e sustentãƒâ¡vel .|expressivo_animado
251|/l/disk1/awstebas/data/TTS/vozes_sync/Alfredo/1.0/expressivo_animado/wav16/expressivo_animado0093.wav|veja se a caixa inclui a bula original .|expressivo_animado
252|/l/disk1/awstebas/data/TTS/vozes_sync/Alfredo/1.0/expressivo_animado/wav16/expressivo_animado0135.wav|a samsung quebrou inãƒâºmeras patentes .|expressivo_animado
253|/l/disk1/awstebas/data/TTS/vozes_sync/Alfredo/1.0/expressivo_animado/wav16/expressivo_animado0140.wav|sãƒâ£o as cinco em vigor dentro da ãƒâ¡rea .|expressivo_animado
254|/l/disk1/awstebas/data/TTS/vozes_sync/Alfredo/1.0/expressivo_animado/wav16/expressivo_animado0031.wav|a implantaãƒâ§ãƒâ£o de uma rede de identificaãƒâ§ãƒâ£o comeãƒâ§ou neste trimestre .|expressivo_animado
256|/l/disk1/awstebas/data/TTS/vozes_sync/Alfredo/1.0/expressivo_animado/wav16/expressivo_animado0145.wav|construiu um chalãƒâ© prãƒâ³ximo a um lago , que hoje em dia ãƒâ© um perigo .|expressivo_animado
257|/l/disk1/awstebas/data/TTS/vozes_sync/Alfredo/1.0/expressivo_animado/wav16/expressivo_animado0059.wav|disseram que eles foram justos com o crãƒâ©dito da companhia .|expressivo_animado
258|/l/disk1/awstebas/data/TTS/vozes_sync/Alfredo/1.0/expressivo_animado/wav16/expressivo_animado0107.wav|pagou para ver se o japonãƒâªs era famoso no texas , mas nãƒâ£o teve sucesso .|expressivo_animado
259|/l/disk1/awstebas/data/TTS/vozes_sync/Alfredo/1.0/expressivo_animado/wav16/expressivo_animado0207.wav|buraco na ãƒâ¡rvore sempre foi assim .|expressivo_animado
261|/l/disk1/awstebas/data/TTS/vozes_sync/Alfredo/1.0/expressivo_animado/wav16/expressivo_animado0109.wav|um pacote da onu , pedindo calma nessa hora .|expressivo_animado
262|/l/disk1/awstebas/data/TTS/vozes_sync/Alfredo/1.0/expressivo_animado/wav16/expressivo_animado0191.wav|e eu que tenho que falar com a imprensa .|expressivo_animado
264|/l/disk1/awstebas/data/TTS/vozes_sync/Alfredo/1.0/expressivo_animado/wav16/expressivo_animado0079.wav|vãƒâ¡rias fãƒâ¡bricas fecharam com o aumento da pirataria .|expressivo_animado
265|/l/disk1/awstebas/data/TTS/vozes_sync/Alfredo/1.0/expressivo_animado/wav16/expressivo_animado0176.wav|nosso desejo ãƒâ© que envelheãƒâ§amos felizes e em boa forma .|expressivo_animado
266|/l/disk1/awstebas/data/TTS/vozes_sync/Alfredo/1.0/expressivo_animado/wav16/expressivo_animado0066.wav|pagos aos produtores em 49 vezes , por causa da chuva .|expressivo_animado
267|/l/disk1/awstebas/data/TTS/vozes_sync/Alfredo/1.0/expressivo_animado/wav16/expressivo_animado0024.wav|serviram alguns salgadinhos e chãƒâ¡ de hortelãƒâ£ .|expressivo_animado
269|/l/disk1/awstebas/data/TTS/vozes_sync/Alfredo/1.0/expressivo_animado/wav16/expressivo_animado0068.wav|votos para o mãƒâ©dico do hospital das clãƒâ­nicas de mato grosso .|expressivo_animado
273|/l/disk1/awstebas/data/TTS/vozes_sync/Alfredo/1.0/expressivo_animado/wav16/expressivo_animado0120.wav|sigilo da google funciona muito bem .|expressivo_animado
274|/l/disk1/awstebas/data/TTS/vozes_sync/Alfredo/1.0/expressivo_animado/wav16/expressivo_animado0053.wav|o projeto de fazer a economia na regiãƒâ£o de santos , na ãƒâ©poca , nãƒâ£o deu em nada .|expressivo_animado
275|/l/disk1/awstebas/data/TTS/vozes_sync/Alfredo/1.0/expressivo_animado/wav16/expressivo_animado0189.wav|retornar a energia para pousos e decolagens .|expressivo_animado
277|/l/disk1/awstebas/data/TTS/vozes_sync/Alfredo/1.0/expressivo_animado/wav16/expressivo_animado0147.wav|e ãƒâ© a primeira vez que o nome do brasil aparece nesta publicaãƒâ§ãƒâ£o .|expressivo_animado
278|/l/disk1/awstebas/data/TTS/vozes_sync/Alfredo/1.0/expressivo_animado/wav16/expressivo_animado0083.wav|algumas noites na polinãƒâ©sia francesa , e talvez fique atãƒâ© o fim do mãƒâªs .|expressivo_animado
279|/l/disk1/awstebas/data/TTS/vozes_sync/Alfredo/1.0/expressivo_animado/wav16/expressivo_animado0113.wav|se for ao reino da sibãƒâ©ria , busca ajuda da igreja americana .|expressivo_animado
280|/l/disk1/awstebas/data/TTS/vozes_sync/Alfredo/1.0/expressivo_animado/wav16/expressivo_animado0015.wav|vamos unir o ãƒâºtil ao agradãƒâ¡vel .|expressivo_animado
281|/l/disk1/awstebas/data/TTS/vozes_sync/Alfredo/1.0/expressivo_animado/wav16/expressivo_animado0174.wav|mas a lentidãƒâ£o assumiu o ensino na escola .|expressivo_animado
289|/l/disk1/awstebas/data/TTS/vozes_sync/Alfredo/1.0/expressivo_animado/wav16/expressivo_animado0009.wav|o chefe do partido assumiu uma postura otimista durante a campanha eleitoral .|expressivo_animado
291|/l/disk1/awstebas/data/TTS/vozes_sync/Alfredo/1.0/expressivo_animado/wav16/expressivo_animado0199.wav|abrir o placar na vila belmiro .|expressivo_animado
292|/l/disk1/awstebas/data/TTS/vozes_sync/Alfredo/1.0/expressivo_animado/wav16/expressivo_animado0158.wav|como se fosse bom ser fernando henrique cardoso .|expressivo_animado
293|/l/disk1/awstebas/data/TTS/vozes_sync/Alfredo/1.0/expressivo_animado/wav16/expressivo_animado0069.wav|com o apoio do jornal e do uol , foi uma tentativa de combater a corrupãƒâ§ãƒâ£o .|expressivo_animado
294|/l/disk1/awstebas/data/TTS/vozes_sync/Alfredo/1.0/expressivo_animado/wav16/expressivo_animado0132.wav|daniel ãƒâ© quem tem que detectar todo o luxo do veãƒâ­culo .|expressivo_animado
295|/l/disk1/awstebas/data/TTS/vozes_sync/Alfredo/1.0/expressivo_animado/wav16/expressivo_animado0179.wav|candidatura do uruguai ao cargo de titular .|expressivo_animado
296|/l/disk1/awstebas/data/TTS/vozes_sync/Alfredo/1.0/expressivo_animado/wav16/expressivo_animado0089.wav|do cãƒâ¢mbio seguinte atãƒâ© abril .|expressivo_animado
297|/l/disk1/awstebas/data/TTS/vozes_sync/Alfredo/1.0/expressivo_animado/wav16/expressivo_animado0060.wav|irregularidades na campanha para o candidato do psdb .|expressivo_animado
298|/l/disk1/awstebas/data/TTS/vozes_sync/Alfredo/1.0/expressivo_animado/wav16/expressivo_animado0065.wav|manifestantes nas mãƒâ£os da vila espanhola , na avenida 8 de dezembro .|expressivo_animado
299|/l/disk1/awstebas/data/TTS/vozes_sync/Alfredo/1.0/expressivo_animado/wav16/expressivo_animado0148.wav|a carta de pero vaz de caminha ãƒâ© o principal registro histãƒâ³rico do descobrimento .|expressivo_animado
300|/l/disk1/awstebas/data/TTS/vozes_sync/Alfredo/1.0/expressivo_animado/wav16/expressivo_animado0203.wav|admitiu que teve um ataque no jogo de julho .|expressivo_animado
301|/l/disk1/awstebas/data/TTS/vozes_sync/Alfredo/1.0/expressivo_animado/wav16/expressivo_animado0104.wav|apãƒâ³s muitas negociaãƒâ§ãƒâµes , declarou reduzir os tãƒâ­tulos da dãƒâ­vida .|expressivo_animado
302|/l/disk1/awstebas/data/TTS/vozes_sync/Alfredo/1.0/expressivo_animado/wav16/expressivo_animado0222.wav|um projeto vai analisar o impacto da tecnologia em zonas rurais .|expressivo_animado
303|/l/disk1/awstebas/data/TTS/vozes_sync/Alfredo/1.0/expressivo_animado/wav16/expressivo_animado0198.wav|o objetivo ãƒâ© que me deixem na academia de futebol .|expressivo_animado
304|/l/disk1/awstebas/data/TTS/vozes_sync/Alfredo/1.0/expressivo_animado/wav16/expressivo_animado0156.wav|bombas de gãƒâ¡s lacrimogãƒâªneo atingiram crianãƒâ§as e adolescentes .|expressivo_animado
305|/l/disk1/awstebas/data/TTS/vozes_sync/Alfredo/1.0/expressivo_animado/wav16/expressivo_animado0122.wav|jãƒâ¡ ãƒâ© o anãƒâºncio da assessoria .|expressivo_animado
306|/l/disk1/awstebas/data/TTS/vozes_sync/Alfredo/1.0/expressivo_animado/wav16/expressivo_animado0054.wav|a cotaãƒâ§ãƒâ£o de mil metros quadrados estãƒâ¡ no limite do capital .|expressivo_animado
307|/l/disk1/awstebas/data/TTS/vozes_sync/Alfredo/1.0/expressivo_animado/wav16/expressivo_animado0014.wav|basta enviar o nome e se identificar .|expressivo_animado
309|/l/disk1/awstebas/data/TTS/vozes_sync/Alfredo/1.0/expressivo_animado/wav16/expressivo_animado0070.wav|nãƒâ£o consegue uma audiãƒâªncia pãƒâºblica no s t f .|expressivo_animado
310|/l/disk1/awstebas/data/TTS/vozes_sync/Alfredo/1.0/expressivo_animado/wav16/expressivo_animado0043.wav|ãƒâ‰ preciso ter condiãƒâ§ãƒâµes de aguardar pelos prãƒâ³ximos candidatos .|expressivo_animado
311|/l/disk1/awstebas/data/TTS/vozes_sync/Alfredo/1.0/expressivo_animado/wav16/expressivo_animado0162.wav|morreu ao buscar poder .|expressivo_animado
312|/l/disk1/awstebas/data/TTS/vozes_sync/Alfredo/1.0/expressivo_animado/wav16/expressivo_animado0112.wav|ele mesmo caãƒâ§ou e empalhou o bicho .|expressivo_animado
318|/l/disk1/awstebas/data/TTS/vozes_sync/Alfredo/1.0/expressivo_animado/wav16/expressivo_animado0058.wav|observatãƒâ³rio sãƒâ­rio de direitos humanos inaugurou durante o carnaval .|expressivo_animado
320|/l/disk1/awstebas/data/TTS/vozes_sync/Alfredo/1.0/expressivo_animado/wav16/expressivo_animado0116.wav|nãƒâ³s somos uma dupla que planeja viajar de imediato .|expressivo_animado
323|/l/disk1/awstebas/data/TTS/vozes_sync/Alfredo/1.0/expressivo_animado/wav16/expressivo_animado0117.wav|usar tambãƒâ©m outro aplicativo , ou definir melhor os disponãƒâ­veis .|expressivo_animado
324|/l/disk1/awstebas/data/TTS/vozes_sync/Alfredo/1.0/expressivo_animado/wav16/expressivo_animado0094.wav|observam os caminhãƒâµes levando petrãƒâ³leo .|expressivo_animado
326|/l/disk1/awstebas/data/TTS/vozes_sync/Alfredo/1.0/expressivo_animado/wav16/expressivo_animado0168.wav|o golpe por telefone era global .|expressivo_animado
328|/l/disk1/awstebas/data/TTS/vozes_sync/Alfredo/1.0/expressivo_animado/wav16/expressivo_animado0126.wav|o pib ruim ãƒâ© o fracasso de dilma russeff .|expressivo_animado
329|/l/disk1/awstebas/data/TTS/vozes_sync/Alfredo/1.0/expressivo_animado/wav16/expressivo_animado0019.wav|britãƒâ¢nico que chegou ao empate com o atacante .|expressivo_animado
330|/l/disk1/awstebas/data/TTS/vozes_sync/Alfredo/1.0/expressivo_animado/wav16/expressivo_animado0181.wav|o marido foi condenado ãƒâ  cadeia .|expressivo_animado
331|/l/disk1/awstebas/data/TTS/vozes_sync/Alfredo/1.0/expressivo_animado/wav16/expressivo_animado0225.wav|se tudo der certo , esta tese me darãƒâ¡ um tãƒâ­tulo .|expressivo_animado
333|/l/disk1/awstebas/data/TTS/vozes_sync/Alfredo/1.0/expressivo_animado/wav16/expressivo_animado0159.wav|trate essa ãƒâ¡rvore com carinho e ela crescerãƒâ¡ bonita e vistosa .|expressivo_animado
334|/l/disk1/awstebas/data/TTS/vozes_sync/Alfredo/1.0/expressivo_animado/wav16/expressivo_animado0216.wav|a idãƒâ©ia ãƒâ© comeãƒâ§ar devagar e ir melhorando aos poucos .|expressivo_animado
335|/l/disk1/awstebas/data/TTS/vozes_sync/Alfredo/1.0/expressivo_animado/wav16/expressivo_animado0172.wav|ela tambãƒâ©m citou as ameaãƒâ§as ao repãƒâ³rter andrãƒâ© caramante .|expressivo_animado
336|/l/disk1/awstebas/data/TTS/vozes_sync/Alfredo/1.0/expressivo_animado/wav16/expressivo_animado0096.wav|joãƒâ£o diz que , em curitiba , obteve os mãƒâ­sseis do ataque .|expressivo_animado
339|/l/disk1/awstebas/data/TTS/vozes_sync/Alfredo/1.0/expressivo_animado/wav16/expressivo_animado0027.wav|a primeira cidade a 313 quilãƒâ´metros ãƒâ© o rio de janeiro .|expressivo_animado
340|/l/disk1/awstebas/data/TTS/vozes_sync/Alfredo/1.0/expressivo_animado/wav16/expressivo_animado0042.wav|para o mercado de trabalho , vocãƒâªs tem que se sobressair na entrevista coletiva .|expressivo_animado
341|/l/disk1/awstebas/data/TTS/vozes_sync/Alfredo/1.0/expressivo_animado/wav16/expressivo_animado0229.wav|edmundo jogou brilhantemente e garantiu a goleada vascaãƒâ­na .|expressivo_animado
342|/l/disk1/awstebas/data/TTS/vozes_sync/Alfredo/1.0/expressivo_animado/wav16/expressivo_animado0040.wav|um modelo com duas operadoras de telecomunicaãƒâ§ãƒâµes .|expressivo_animado
343|/l/disk1/awstebas/data/TTS/vozes_sync/Alfredo/1.0/expressivo_animado/wav16/expressivo_animado0022.wav|a evoluãƒâ§ãƒâ£o da guerra entre israelenses e palestinos .|expressivo_animado
346|/l/disk1/awstebas/data/TTS/vozes_sync/Alfredo/1.0/expressivo_animado/wav16/expressivo_animado0197.wav|o rock dos anos 80 fez valer a pena o sãƒâ©culo 19 .|expressivo_animado
347|/l/disk1/awstebas/data/TTS/vozes_sync/Alfredo/1.0/expressivo_animado/wav16/expressivo_animado0088.wav|tanto tempo fora das quadras custou-lhe a lideranãƒâ§a do ranking .|expressivo_animado
348|/l/disk1/awstebas/data/TTS/vozes_sync/Alfredo/1.0/expressivo_animado/wav16/expressivo_animado0105.wav|a compania compra o ouro bruto e o revende ãƒâ s joalherias .|expressivo_animado
350|/l/disk1/awstebas/data/TTS/vozes_sync/Alfredo/1.0/expressivo_animado/wav16/expressivo_animado0166.wav|siga o twãƒâ­tter pelo feicebook .|expressivo_animado
351|/l/disk1/awstebas/data/TTS/vozes_sync/Alfredo/1.0/expressivo_animado/wav16/expressivo_animado0013.wav|idosos se utilizam da banda larga livre .|expressivo_animado
352|/l/disk1/awstebas/data/TTS/vozes_sync/Alfredo/1.0/expressivo_animado/wav16/expressivo_animado0129.wav|coelho em cartaz divulgado no site .|expressivo_animado
353|/l/disk1/awstebas/data/TTS/vozes_sync/Alfredo/1.0/expressivo_animado/wav16/expressivo_animado0044.wav|ãƒâ‰ como disputar uma prova para retirar as pessoas .|expressivo_animado
354|/l/disk1/awstebas/data/TTS/vozes_sync/Alfredo/1.0/expressivo_animado/wav16/expressivo_animado0146.wav|juros pela taxa selic acumulada , afetarãƒâ£o a economia global .|expressivo_animado
355|/l/disk1/awstebas/data/TTS/vozes_sync/Alfredo/1.0/expressivo_animado/wav16/expressivo_animado0196.wav|o flamengo luta pela liga regular da n bi ei .|expressivo_animado
356|/l/disk1/awstebas/data/TTS/vozes_sync/Alfredo/1.0/expressivo_animado/wav16/expressivo_animado0110.wav|sem reservas , lia sobre os recursos naturais .|expressivo_animado
357|/l/disk1/awstebas/data/TTS/vozes_sync/Alfredo/1.0/expressivo_animado/wav16/expressivo_animado0161.wav|o vasco volta atrãƒâ¡s .|expressivo_animado
358|/l/disk1/awstebas/data/TTS/vozes_sync/Alfredo/1.0/expressivo_animado/wav16/expressivo_animado0002.wav|ninguãƒâ©m conhece um jeito melhor para escalar esta montanha .|expressivo_animado
360|/l/disk1/awstebas/data/TTS/vozes_sync/Alfredo/1.0/expressivo_animado/wav16/expressivo_animado0004.wav|as estatãƒâ­sticas oficiais mostram o avanãƒâ§o do desemprego na indãƒâºstria .|expressivo_animado
361|/l/disk1/awstebas/data/TTS/vozes_sync/Alfredo/1.0/expressivo_animado/wav16/expressivo_animado0212.wav|queremos saber que marco aurãƒâ©lio foi preso .|expressivo_animado
364|/l/disk1/awstebas/data/TTS/vozes_sync/Alfredo/1.0/expressivo_animado/wav16/expressivo_animado0183.wav|dizer que realiza a vigilãƒâ¢ncia na ãƒâ¡rea .|expressivo_animado
365|/l/disk1/awstebas/data/TTS/vozes_sync/Alfredo/1.0/expressivo_animado/wav16/expressivo_animado0067.wav|hãƒâ¡ o uso de grande quantidade de soldados no iraque .|expressivo_animado
367|/l/disk1/awstebas/data/TTS/vozes_sync/Alfredo/1.0/expressivo_animado/wav16/expressivo_animado0231.wav|sempre brinca com o bordãƒâ£o que o popularizou atualmente .|expressivo_animado
369|/l/disk1/awstebas/data/TTS/vozes_sync/Alfredo/1.0/expressivo_animado/wav16/expressivo_animado0041.wav|diretamente da inglaterra , a produãƒâ§ãƒâ£o industrial sofreu com a estabilizaãƒâ§ãƒâ£o .|expressivo_animado
372|/l/disk1/awstebas/data/TTS/vozes_sync/Alfredo/1.0/expressivo_animado/wav16/expressivo_animado0123.wav|nesse livro , o autor aborda a evoluãƒâ§ãƒâ£o do machismo em nossa sociedade .|expressivo_animado
373|/l/disk1/awstebas/data/TTS/vozes_sync/Alfredo/1.0/expressivo_animado/wav16/expressivo_animado0201.wav|o talibãƒâ£ lanãƒâ§ou uma ofensiva ontem .|expressivo_animado
