wav_path|text|emb_id
/l/disk1/awstebas/data/TTS/vozes_sync/Alfredo/1.0/neutro/wav16/neutro0056.wav|do dia do sorteio atãƒâ© por volta das 17h .|0
/l/disk1/awstebas/data/TTS/vozes_sync/Alfredo/1.0/neutro/wav16/neutro0094.wav|observam os caminhãƒâµes levando petrãƒâ³leo .|0
/l/disk1/awstebas/data/TTS/vozes_sync/Alfredo/1.0/expressivo_animado/wav16/expressivo_animado0194.wav|incluindo o duelo entre o argentino e o inglãƒâªs nas ruas .|0
/l/disk1/awstebas/data/TTS/vozes_sync/Alfredo/1.0/neutro/wav16/neutro0083.wav|algumas noites na polinãƒâ©sia francesa , e talvez fique atãƒâ© o fim do mãƒâªs .|0
/l/disk1/awstebas/data/TTS/vozes_sync/Alfredo/1.0/expressivo_animado/wav16/expressivo_animado0219.wav|apãƒâ³s a dãƒâ©cada de 1980 , a corãƒâ©ia conseguiu se identificar .|0
/l/disk1/awstebas/data/TTS/vozes_sync/Alfredo/1.0/expressivo_animado/wav16/expressivo_animado0001.wav|nãƒâ£o pode haver trãƒâ©guas na guerra contra a malãƒâ¡ria .|0
/l/disk1/awstebas/data/TTS/vozes_sync/Alfredo/1.0/expressivo_animado/wav16/expressivo_animado0211.wav|esse ãƒâ© um homem que tinha meu voto .|0
/l/disk1/awstebas/data/TTS/vozes_sync/Alfredo/1.0/expressivo_animado/wav16/expressivo_animado0062.wav|ciãƒâªncia deu a liberaãƒâ§ãƒâ£o para experiãƒâªncias com explosãƒâ£o .|0
/l/disk1/awstebas/data/TTS/vozes_sync/Alfredo/1.0/neutro/wav16/neutro0034.wav|o valor da habitaãƒâ§ãƒâ£o brasileira subiu para a construtora de brasãƒâ­lia .|0
/l/disk1/awstebas/data/TTS/vozes_sync/Alfredo/1.0/neutro/wav16/neutro0091.wav|no aeroporto do galeãƒâ£o , solo negro passarãƒâ¡ por anãƒâ¡lise de origem .|0
/l/disk1/awstebas/data/TTS/vozes_sync/Alfredo/1.0/expressivo_animado/wav16/expressivo_animado0220.wav|ganharam a quina e vãƒâ£o levar um bilhãƒâ£o .|0
/l/disk1/awstebas/data/TTS/vozes_sync/Alfredo/1.0/expressivo_animado/wav16/expressivo_animado0167.wav|lojas do municãƒâ­pio com tecnologia antiterrorismo .|0
/l/disk1/awstebas/data/TTS/vozes_sync/Alfredo/1.0/expressivo_animado/wav16/expressivo_animado0187.wav|laura e cãƒâ©sar entendem os bebãƒâªs dos vizinhos .|0
/l/disk1/awstebas/data/TTS/vozes_sync/Alfredo/1.0/neutro/wav16/neutro0114.wav|o que vai acontecer , no segundo bloco , na novela francesa .|0
/l/disk1/awstebas/data/TTS/vozes_sync/Alfredo/1.0/expressivo_animado/wav16/expressivo_animado0173.wav|tinham exames na ãƒâ©poca do globo .|0
/l/disk1/awstebas/data/TTS/vozes_sync/Alfredo/1.0/neutro/wav16/neutro0109.wav|um pacote da onu , pedindo calma nessa hora .|0
/l/disk1/awstebas/data/TTS/vozes_sync/Alfredo/1.0/neutro/wav16/neutro0016.wav|essa biblioteca nãƒâ£o chega nem aos pãƒâ©s da que eu visitei .|0
/l/disk1/awstebas/data/TTS/vozes_sync/Alfredo/1.0/neutro/wav16/neutro0142.wav|grife de florianãƒâ³polis para a classe mãƒâ©dia .|0
/l/disk1/awstebas/data/TTS/vozes_sync/Alfredo/1.0/expressivo_animado/wav16/expressivo_animado0026.wav|os programas audiovisuais melhoraram significativamente a partir de 1991 .|0
/l/disk1/awstebas/data/TTS/vozes_sync/Alfredo/1.0/neutro/wav16/neutro0001.wav|nãƒâ£o pode haver trãƒâ©guas na guerra contra a malãƒâ¡ria .|0
/l/disk1/awstebas/data/TTS/vozes_sync/Alfredo/1.0/neutro/wav16/neutro0077.wav|potencial para atendimento aos cidadãƒâ£os .|0
/l/disk1/awstebas/data/TTS/vozes_sync/Alfredo/1.0/expressivo_animado/wav16/expressivo_animado0046.wav|utilizar o espaãƒâ§o para protesto contra os parlamentares , uma coisa boa de acontecer .|0
/l/disk1/awstebas/data/TTS/vozes_sync/Alfredo/1.0/neutro/wav16/neutro0026.wav|os programas audiovisuais melhoraram significativamente a partir de 1991 .|0
/l/disk1/awstebas/data/TTS/vozes_sync/Alfredo/1.0/expressivo_animado/wav16/expressivo_animado0215.wav|leia a ãƒâ­ntegra do texto aqui .|0
/l/disk1/awstebas/data/TTS/vozes_sync/Alfredo/1.0/neutro/wav16/neutro0010.wav|nenhuma indãƒâºstria pode viver permanentemente de subsãƒâ­dios .|0
/l/disk1/awstebas/data/TTS/vozes_sync/Alfredo/1.0/neutro/wav16/neutro0117.wav|usar tambãƒâ©m outro aplicativo , ou definir melhor os disponãƒâ­veis .|0
/l/disk1/awstebas/data/TTS/vozes_sync/Alfredo/1.0/expressivo_animado/wav16/expressivo_animado0100.wav|ainda assim teremos o programa nuclear iraniano .|0
/l/disk1/awstebas/data/TTS/vozes_sync/Alfredo/1.0/neutro/wav16/neutro0141.wav|e que o domingo chegue rãƒâ¡pido depois .|0
/l/disk1/awstebas/data/TTS/vozes_sync/Alfredo/1.0/expressivo_animado/wav16/expressivo_animado0175.wav|chega a ir e vir sozinho de goiãƒâ¡s .|0
/l/disk1/awstebas/data/TTS/vozes_sync/Alfredo/1.0/neutro/wav16/neutro0043.wav|ãƒâ‰ preciso ter condiãƒâ§ãƒâµes de aguardar pelos prãƒâ³ximos candidatos .|0
/l/disk1/awstebas/data/TTS/vozes_sync/Alfredo/1.0/neutro/wav16/neutro0079.wav|vãƒâ¡rias fãƒâ¡bricas fecharam com o aumento da pirataria .|0
/l/disk1/awstebas/data/TTS/vozes_sync/Alfredo/1.0/neutro/wav16/neutro0040.wav|um modelo com duas operadoras de telecomunicaãƒâ§ãƒâµes .|0
/l/disk1/awstebas/data/TTS/vozes_sync/Alfredo/1.0/neutro/wav16/neutro0047.wav|paãƒâ­s com um pouco mais de polãƒâ­tica externa , diz o especialista .|0
/l/disk1/awstebas/data/TTS/vozes_sync/Alfredo/1.0/expressivo_animado/wav16/expressivo_animado0228.wav|o volume de carros na rodovia castello branco .|0
/l/disk1/awstebas/data/TTS/vozes_sync/Alfredo/1.0/neutro/wav16/neutro0105.wav|a compania compra o ouro bruto e o revende ãƒâ s joalherias .|0
/l/disk1/awstebas/data/TTS/vozes_sync/Alfredo/1.0/neutro/wav16/neutro0125.wav|ganhou a quina e vãƒâ£o levar 4 milhãƒâµes .|0
/l/disk1/awstebas/data/TTS/vozes_sync/Alfredo/1.0/expressivo_animado/wav16/expressivo_animado0086.wav|ãƒâ‰ isso que vinha dizendo o grupo islãƒâ¢mico hamas .|0
/l/disk1/awstebas/data/TTS/vozes_sync/Alfredo/1.0/neutro/wav16/neutro0023.wav|deve crescer o desempenho do setor automotivo .|0
/l/disk1/awstebas/data/TTS/vozes_sync/Alfredo/1.0/neutro/wav16/neutro0032.wav|a cesta bãƒâ¡sica traz o mãƒâ­nimo para as famãƒâ­lias dos funcionãƒâ¡rios .|0
/l/disk1/awstebas/data/TTS/vozes_sync/Alfredo/1.0/neutro/wav16/neutro0074.wav|o caso foi registrado no julgamento .|0
/l/disk1/awstebas/data/TTS/vozes_sync/Alfredo/1.0/expressivo_animado/wav16/expressivo_animado0090.wav|sei que ãƒâ© complexo o controle de filas .|0
/l/disk1/awstebas/data/TTS/vozes_sync/Alfredo/1.0/neutro/wav16/neutro0078.wav|instituiãƒâ§ãƒâµes financeiras em massa no vermelho .|0
/l/disk1/awstebas/data/TTS/vozes_sync/Alfredo/1.0/neutro/wav16/neutro0031.wav|a implantaãƒâ§ãƒâ£o de uma rede de identificaãƒâ§ãƒâ£o comeãƒâ§ou neste trimestre .|0
/l/disk1/awstebas/data/TTS/vozes_sync/Alfredo/1.0/neutro/wav16/neutro0057.wav|em junho de 1995 , fizeram as duas obras .|0
/l/disk1/awstebas/data/TTS/vozes_sync/Alfredo/1.0/expressivo_animado/wav16/expressivo_animado0213.wav|sãƒâ³ com um ciclo de gripe no ar .|0
/l/disk1/awstebas/data/TTS/vozes_sync/Alfredo/1.0/neutro/wav16/neutro0058.wav|observatãƒâ³rio sãƒâ­rio de direitos humanos inaugurou durante o carnaval .|0
/l/disk1/awstebas/data/TTS/vozes_sync/Alfredo/1.0/neutro/wav16/neutro0119.wav|serãƒâ£o visitados china , formosa , panamãƒâ¡ , paraguai e venezuela .|0
/l/disk1/awstebas/data/TTS/vozes_sync/Alfredo/1.0/expressivo_animado/wav16/expressivo_animado0214.wav|as luzes da rua devem ser apagadas ãƒâ s vinte e duas horas .|0
/l/disk1/awstebas/data/TTS/vozes_sync/Alfredo/1.0/expressivo_animado/wav16/expressivo_animado0164.wav|tem que encerrar a novela da globo ali .|0
/l/disk1/awstebas/data/TTS/vozes_sync/Alfredo/1.0/expressivo_animado/wav16/expressivo_animado0144.wav|alexandre padilha , na ocasiãƒâ£o do conflito .|0
/l/disk1/awstebas/data/TTS/vozes_sync/Alfredo/1.0/neutro/wav16/neutro0006.wav|o inverno chegarãƒâ¡ bastante forte este ano .|0
/l/disk1/awstebas/data/TTS/vozes_sync/Alfredo/1.0/expressivo_animado/wav16/expressivo_animado0025.wav|significa que sua candidatura obedece ao propãƒâ³sito atual .|0
/l/disk1/awstebas/data/TTS/vozes_sync/Alfredo/1.0/neutro/wav16/neutro0046.wav|utilizar o espaãƒâ§o para protesto contra os parlamentares , uma coisa boa de acontecer .|0
/l/disk1/awstebas/data/TTS/vozes_sync/Alfredo/1.0/expressivo_animado/wav16/expressivo_animado0193.wav|eu me sinto capaz de assumir esse mandato .|0
/l/disk1/awstebas/data/TTS/vozes_sync/Alfredo/1.0/neutro/wav16/neutro0073.wav|o plano real vale para empresa internacional , inclusive .|0
/l/disk1/awstebas/data/TTS/vozes_sync/Alfredo/1.0/neutro/wav16/neutro0115.wav|thiago silva , zagueiro , decidiu no pãƒâªnalti .|0
/l/disk1/awstebas/data/TTS/vozes_sync/Alfredo/1.0/expressivo_animado/wav16/expressivo_animado0121.wav|a cãƒâ´rte indicou que as examinarãƒâ¡ , diz agãƒâªncia russa .|0
/l/disk1/awstebas/data/TTS/vozes_sync/Alfredo/1.0/expressivo_animado/wav16/expressivo_animado0030.wav|nasceu em 1934 , pelas mãƒâ£os de parteira domiciliar .|0
/l/disk1/awstebas/data/TTS/vozes_sync/Alfredo/1.0/expressivo_animado/wav16/expressivo_animado0202.wav|casal gay quer adotar filhos .|0
/l/disk1/awstebas/data/TTS/vozes_sync/Alfredo/1.0/expressivo_animado/wav16/expressivo_animado0092.wav|as vãƒâ­timas acreditam que seu agressor nãƒâ£o resistiu e morreu .|0
/l/disk1/awstebas/data/TTS/vozes_sync/Alfredo/1.0/expressivo_animado/wav16/expressivo_animado0045.wav|governadores da oposiãƒâ§ãƒâ£o querem reforma tributãƒâ¡ria e fiscal .|0
/l/disk1/awstebas/data/TTS/vozes_sync/Alfredo/1.0/neutro/wav16/neutro0004.wav|as estatãƒâ­sticas oficiais mostram o avanãƒâ§o do desemprego na indãƒâºstria .|0
/l/disk1/awstebas/data/TTS/vozes_sync/Alfredo/1.0/expressivo_animado/wav16/expressivo_animado0101.wav|a polãƒâ­cia afirmou que a morte era inexplicãƒâ¡vel , inimaginãƒâ¡vel .|0
/l/disk1/awstebas/data/TTS/vozes_sync/Alfredo/1.0/neutro/wav16/neutro0085.wav|chanceler em jerusalãƒâ©m , pode nos dar mais detalhes .|0
/l/disk1/awstebas/data/TTS/vozes_sync/Alfredo/1.0/expressivo_animado/wav16/expressivo_animado0080.wav|apenas uma nãƒâ£o era do fabricante do produto .|0
/l/disk1/awstebas/data/TTS/vozes_sync/Alfredo/1.0/expressivo_animado/wav16/expressivo_animado0016.wav|essa biblioteca nãƒâ£o chega nem aos pãƒâ©s da que eu visitei .|0
/l/disk1/awstebas/data/TTS/vozes_sync/Alfredo/1.0/neutro/wav16/neutro0064.wav|chegou ãƒâ  marca de 60 por 19 horas de 11 de setembro .|0
/l/disk1/awstebas/data/TTS/vozes_sync/Alfredo/1.0/expressivo_animado/wav16/expressivo_animado0102.wav|o bahia e o flamengo , em ribeirãƒâ£o , um ano depois .|0
/l/disk1/awstebas/data/TTS/vozes_sync/Alfredo/1.0/expressivo_animado/wav16/expressivo_animado0035.wav|de acordo com a pm , assaltaram a caixa econãƒâ´mica federal .|0
/l/disk1/awstebas/data/TTS/vozes_sync/Alfredo/1.0/expressivo_animado/wav16/expressivo_animado0170.wav|roubar sem barulho ou quadrilha .|0
/l/disk1/awstebas/data/TTS/vozes_sync/Alfredo/1.0/neutro/wav16/neutro0111.wav|a equipe europeia da petrobrãƒâ¡s jãƒâ¡ estava no esquema .|0
/l/disk1/awstebas/data/TTS/vozes_sync/Alfredo/1.0/expressivo_animado/wav16/expressivo_animado0185.wav|ter um museu em porto alegre .|0
/l/disk1/awstebas/data/TTS/vozes_sync/Alfredo/1.0/neutro/wav16/neutro0138.wav|ensinou a usar sinalizadores , e , no entanto , a confusãƒâ£o ainda existe .|0
/l/disk1/awstebas/data/TTS/vozes_sync/Alfredo/1.0/neutro/wav16/neutro0102.wav|o bahia e o flamengo , em ribeirãƒâ£o , um ano depois .|0
/l/disk1/awstebas/data/TTS/vozes_sync/Alfredo/1.0/expressivo_animado/wav16/expressivo_animado0055.wav|para preparar o orãƒâ§amento , pretende escolher o que estãƒâ¡ pronto .|0
/l/disk1/awstebas/data/TTS/vozes_sync/Alfredo/1.0/expressivo_animado/wav16/expressivo_animado0051.wav|a delegaãƒâ§ãƒâ£o estava presente em campos do jordãƒâ£o .|0
/l/disk1/awstebas/data/TTS/vozes_sync/Alfredo/1.0/expressivo_animado/wav16/expressivo_animado0077.wav|potencial para atendimento aos cidadãƒâ£os .|0
/l/disk1/awstebas/data/TTS/vozes_sync/Alfredo/1.0/expressivo_animado/wav16/expressivo_animado0206.wav|sorocaba atinge quantia da dãƒâ­vida .|0
/l/disk1/awstebas/data/TTS/vozes_sync/Alfredo/1.0/expressivo_animado/wav16/expressivo_animado0154.wav|miguel sabia de homicãƒâ­dios na barra da tijuca .|0
/l/disk1/awstebas/data/TTS/vozes_sync/Alfredo/1.0/neutro/wav16/neutro0076.wav|desde o inãƒâ­cio , viu as projeãƒâ§ãƒâµes para os meninos de rua .|0
/l/disk1/awstebas/data/TTS/vozes_sync/Alfredo/1.0/expressivo_animado/wav16/expressivo_animado0073.wav|o plano real vale para empresa internacional , inclusive .|0
/l/disk1/awstebas/data/TTS/vozes_sync/Alfredo/1.0/neutro/wav16/neutro0095.wav|tomar apenas a ditadura por exemplo , e talvez pensar em algo mais grave .|0
/l/disk1/awstebas/data/TTS/vozes_sync/Alfredo/1.0/neutro/wav16/neutro0017.wav|a chuva de granizo deixou marcas no telhado do ginãƒâ¡sio .|0
/l/disk1/awstebas/data/TTS/vozes_sync/Alfredo/1.0/neutro/wav16/neutro0067.wav|hãƒâ¡ o uso de grande quantidade de soldados no iraque .|0
/l/disk1/awstebas/data/TTS/vozes_sync/Alfredo/1.0/expressivo_animado/wav16/expressivo_animado0208.wav|discutir o rumo de osasco contra o crime organizado .|0
/l/disk1/awstebas/data/TTS/vozes_sync/Alfredo/1.0/neutro/wav16/neutro0008.wav|em qualquer lugar de belãƒâ©m serve-se suco de aãƒâ§aãƒâ­ e ãƒâ¡gua de coco .|0
/l/disk1/awstebas/data/TTS/vozes_sync/Alfredo/1.0/expressivo_animado/wav16/expressivo_animado0010.wav|nenhuma indãƒâºstria pode viver permanentemente de subsãƒâ­dios .|0
/l/disk1/awstebas/data/TTS/vozes_sync/Alfredo/1.0/neutro/wav16/neutro0127.wav|o coordenador perde o peso que adquiriu em sãƒâ£o bernardo .|0
/l/disk1/awstebas/data/TTS/vozes_sync/Alfredo/1.0/expressivo_animado/wav16/expressivo_animado0188.wav|desenvolver o curso a mãƒâ©dio e longo prazos .|0
/l/disk1/awstebas/data/TTS/vozes_sync/Alfredo/1.0/expressivo_animado/wav16/expressivo_animado0182.wav|jãƒâºnior , que investiga a guerra civil carioca .|0
/l/disk1/awstebas/data/TTS/vozes_sync/Alfredo/1.0/expressivo_animado/wav16/expressivo_animado0011.wav|o suave perfume das gardãƒâªnias ãƒâ© a principal caracterãƒâ­stica do jardim central .|0
/l/disk1/awstebas/data/TTS/vozes_sync/Alfredo/1.0/expressivo_animado/wav16/expressivo_animado0021.wav|aeronave a etanol sãƒâ£o menores .|0
/l/disk1/awstebas/data/TTS/vozes_sync/Alfredo/1.0/expressivo_animado/wav16/expressivo_animado0160.wav|o diretor alemãƒâ£o oferece uma vaga na baixada fluminense .|0
/l/disk1/awstebas/data/TTS/vozes_sync/Alfredo/1.0/expressivo_animado/wav16/expressivo_animado0134.wav|de modo que ãƒâ© seguro usar o relãƒâ³gio de ouro .|0
/l/disk1/awstebas/data/TTS/vozes_sync/Alfredo/1.0/neutro/wav16/neutro0061.wav|os leitores podem colaborar com esta rodada do jogo .|0
/l/disk1/awstebas/data/TTS/vozes_sync/Alfredo/1.0/expressivo_animado/wav16/expressivo_animado0218.wav|ele tambãƒâ©m critica hillary clinton .|0
/l/disk1/awstebas/data/TTS/vozes_sync/Alfredo/1.0/expressivo_animado/wav16/expressivo_animado0221.wav|a dieta desse povo ãƒâ© baseada em arroz e frutas .|0
/l/disk1/awstebas/data/TTS/vozes_sync/Alfredo/1.0/expressivo_animado/wav16/expressivo_animado0223.wav|e sãƒâ³ a igreja catãƒâ³lica visita a itãƒâ¡lia e seu patrimãƒâ´nio .|0
/l/disk1/awstebas/data/TTS/vozes_sync/Alfredo/1.0/expressivo_animado/wav16/expressivo_animado0204.wav|irmãƒâ£ responde ao repãƒâ³rter da emissora .|0
/l/disk1/awstebas/data/TTS/vozes_sync/Alfredo/1.0/expressivo_animado/wav16/expressivo_animado0186.wav|homens armados e terrorismo sob suspeitas .|0
/l/disk1/awstebas/data/TTS/vozes_sync/Alfredo/1.0/neutro/wav16/neutro0018.wav|pesquisa no japãƒâ£o acerca da democracia .|0
/l/disk1/awstebas/data/TTS/vozes_sync/Alfredo/1.0/expressivo_animado/wav16/expressivo_animado0008.wav|em qualquer lugar de belãƒâ©m serve-se suco de aãƒâ§aãƒâ­ e ãƒâ¡gua de coco .|0
/l/disk1/awstebas/data/TTS/vozes_sync/Alfredo/1.0/neutro/wav16/neutro0025.wav|significa que sua candidatura obedece ao propãƒâ³sito atual .|0
/l/disk1/awstebas/data/TTS/vozes_sync/Alfredo/1.0/neutro/wav16/neutro0110.wav|sem reservas , lia sobre os recursos naturais .|0
/l/disk1/awstebas/data/TTS/vozes_sync/Alfredo/1.0/expressivo_animado/wav16/expressivo_animado0184.wav|consumidor levou uma tv sem valor .|0
/l/disk1/awstebas/data/TTS/vozes_sync/Alfredo/1.0/neutro/wav16/neutro0133.wav|joãƒâ£o cãƒâ¢ndido chegou logo a seguir , em segundo lugar .|0
/l/disk1/awstebas/data/TTS/vozes_sync/Alfredo/1.0/expressivo_animado/wav16/expressivo_animado0078.wav|instituiãƒâ§ãƒâµes financeiras em massa no vermelho .|0
/l/disk1/awstebas/data/TTS/vozes_sync/Alfredo/1.0/expressivo_animado/wav16/expressivo_animado0087.wav|o hãƒâ¡bito vem de pequeno , afirma a mãƒâ£e , maria aparecida .|0
/l/disk1/awstebas/data/TTS/vozes_sync/Alfredo/1.0/expressivo_animado/wav16/expressivo_animado0018.wav|pesquisa no japãƒâ£o acerca da democracia .|0
/l/disk1/awstebas/data/TTS/vozes_sync/Alfredo/1.0/expressivo_animado/wav16/expressivo_animado0095.wav|tomar apenas a ditadura por exemplo , e talvez pensar em algo mais grave .|0
/l/disk1/awstebas/data/TTS/vozes_sync/Alfredo/1.0/expressivo_animado/wav16/expressivo_animado0227.wav|exãƒâ©rcito egãƒâ­pcio nega que chamada antiterrorismo vise ãƒâ  irmandade .|0
/l/disk1/awstebas/data/TTS/vozes_sync/Alfredo/1.0/expressivo_animado/wav16/expressivo_animado0151.wav|a reforma econãƒâ´mica da china , melhorou profundamente a gestãƒâ£o das empresas .|0
/l/disk1/awstebas/data/TTS/vozes_sync/Alfredo/1.0/expressivo_animado/wav16/expressivo_animado0075.wav|disse que nãƒâ£o tinha a intenãƒâ§ãƒâ£o de deixar a sua conta no banco .|0
/l/disk1/awstebas/data/TTS/vozes_sync/Alfredo/1.0/expressivo_animado/wav16/expressivo_animado0137.wav|ganho de petrãƒâ³leo e gãƒâ¡s , do grupo ebx , no mãƒâªs que vem .|0
/l/disk1/awstebas/data/TTS/vozes_sync/Alfredo/1.0/expressivo_animado/wav16/expressivo_animado0020.wav|a mansãƒâ£o tem um jardim com lago e fonte luminosa .|0
/l/disk1/awstebas/data/TTS/vozes_sync/Alfredo/1.0/expressivo_animado/wav16/expressivo_animado0209.wav|a doenãƒâ§a ãƒâ© uma ameaãƒâ§a ao nordeste .|0
/l/disk1/awstebas/data/TTS/vozes_sync/Alfredo/1.0/neutro/wav16/neutro0120.wav|sigilo da google funciona muito bem .|0
/l/disk1/awstebas/data/TTS/vozes_sync/Alfredo/1.0/expressivo_animado/wav16/expressivo_animado0111.wav|a equipe europeia da petrobrãƒâ¡s jãƒâ¡ estava no esquema .|0
/l/disk1/awstebas/data/TTS/vozes_sync/Alfredo/1.0/expressivo_animado/wav16/expressivo_animado0056.wav|do dia do sorteio atãƒâ© por volta das 17h .|0
/l/disk1/awstebas/data/TTS/vozes_sync/Alfredo/1.0/neutro/wav16/neutro0020.wav|a mansãƒâ£o tem um jardim com lago e fonte luminosa .|0
/l/disk1/awstebas/data/TTS/vozes_sync/Alfredo/1.0/expressivo_animado/wav16/expressivo_animado0114.wav|o que vai acontecer , no segundo bloco , na novela francesa .|0
/l/disk1/awstebas/data/TTS/vozes_sync/Alfredo/1.0/neutro/wav16/neutro0080.wav|apenas uma nãƒâ£o era do fabricante do produto .|0
/l/disk1/awstebas/data/TTS/vozes_sync/Alfredo/1.0/expressivo_animado/wav16/expressivo_animado0149.wav|a partir de quinta-feira , os visitantes serãƒâ£o identificados atravãƒâ©s de um cartãƒâ£o magnãƒâ©tico .|0
/l/disk1/awstebas/data/TTS/vozes_sync/Alfredo/1.0/neutro/wav16/neutro0019.wav|britãƒâ¢nico que chegou ao empate com o atacante .|0
/l/disk1/awstebas/data/TTS/vozes_sync/Alfredo/1.0/neutro/wav16/neutro0140.wav|sãƒâ£o as cinco em vigor dentro da ãƒâ¡rea .|0
/l/disk1/awstebas/data/TTS/vozes_sync/Alfredo/1.0/expressivo_animado/wav16/expressivo_animado0143.wav|leva joaquim ãƒâ  turquia em duas semanas .|0
/l/disk1/awstebas/data/TTS/vozes_sync/Alfredo/1.0/neutro/wav16/neutro0037.wav|pelos ãƒâºltimos 40 anos e por uma cirurgia que ainda nãƒâ£o foi marcada .|0
/l/disk1/awstebas/data/TTS/vozes_sync/Alfredo/1.0/expressivo_animado/wav16/expressivo_animado0128.wav|na usp sugerem que hãƒâ¡ droga mais antiga .|0
/l/disk1/awstebas/data/TTS/vozes_sync/Alfredo/1.0/expressivo_animado/wav16/expressivo_animado0098.wav|meu pai me inspirou no dia a dia .|0
/l/disk1/awstebas/data/TTS/vozes_sync/Alfredo/1.0/expressivo_animado/wav16/expressivo_animado0033.wav|os rebeldes da universidade decretaram situaãƒâ§ãƒâ£o de ocupaãƒâ§ãƒâ£o .|0
/l/disk1/awstebas/data/TTS/vozes_sync/Alfredo/1.0/expressivo_animado/wav16/expressivo_animado0034.wav|o valor da habitaãƒâ§ãƒâ£o brasileira subiu para a construtora de brasãƒâ­lia .|0
/l/disk1/awstebas/data/TTS/vozes_sync/Alfredo/1.0/neutro/wav16/neutro0060.wav|irregularidades na campanha para o candidato do psdb .|0
/l/disk1/awstebas/data/TTS/vozes_sync/Alfredo/1.0/neutro/wav16/neutro0112.wav|ele mesmo caãƒâ§ou e empalhou o bicho .|0
/l/disk1/awstebas/data/TTS/vozes_sync/Alfredo/1.0/expressivo_animado/wav16/expressivo_animado0131.wav|a terra , apontava o estudo , era maior que a lua .|0
/l/disk1/awstebas/data/TTS/vozes_sync/Alfredo/1.0/neutro/wav16/neutro0007.wav|a declaraãƒâ§ãƒâ£o do ministro sobre a flutuaãƒâ§ãƒâ£o do dãƒâ³lar ãƒâ© ambãƒâ­gua .|0
/l/disk1/awstebas/data/TTS/vozes_sync/Alfredo/1.0/expressivo_animado/wav16/expressivo_animado0125.wav|ganhou a quina e vãƒâ£o levar 4 milhãƒâµes .|0
/l/disk1/awstebas/data/TTS/vozes_sync/Alfredo/1.0/expressivo_animado/wav16/expressivo_animado0169.wav|vocãƒâª tem a multa como algo natural .|0
/l/disk1/awstebas/data/TTS/vozes_sync/Alfredo/1.0/neutro/wav16/neutro0011.wav|o suave perfume das gardãƒâªnias ãƒâ© a principal caracterãƒâ­stica do jardim central .|0
/l/disk1/awstebas/data/TTS/vozes_sync/Alfredo/1.0/expressivo_animado/wav16/expressivo_animado0029.wav|e a primeira vez que o nome do brasil aparece nesta publicaãƒâ§ãƒâ£o .|0
/l/disk1/awstebas/data/TTS/vozes_sync/Alfredo/1.0/neutro/wav16/neutro0104.wav|apãƒâ³s muitas negociaãƒâ§ãƒâµes , declarou reduzir os tãƒâ­tulos da dãƒâ­vida .|0
/l/disk1/awstebas/data/TTS/vozes_sync/Alfredo/1.0/neutro/wav16/neutro0082.wav|de abril atãƒâ© agora , foi exclusivamente pela televisãƒâ£o .|0
/l/disk1/awstebas/data/TTS/vozes_sync/Alfredo/1.0/expressivo_animado/wav16/expressivo_animado0190.wav|o atacante bateu em cunha durante a disputa .|0
/l/disk1/awstebas/data/TTS/vozes_sync/Alfredo/1.0/expressivo_animado/wav16/expressivo_animado0103.wav|ganho mensal direto na folha .|0
/l/disk1/awstebas/data/TTS/vozes_sync/Alfredo/1.0/expressivo_animado/wav16/expressivo_animado0210.wav|o decreto ãƒâ© superior ãƒâ  vontade individual .|0
/l/disk1/awstebas/data/TTS/vozes_sync/Alfredo/1.0/expressivo_animado/wav16/expressivo_animado0049.wav|a famãƒâ­lia anunciou que nãƒâ£o vai fazer previsãƒâ£o para a manutenãƒâ§ãƒâ£o automotiva .|0
/l/disk1/awstebas/data/TTS/vozes_sync/Alfredo/1.0/expressivo_animado/wav16/expressivo_animado0006.wav|o inverno chegarãƒâ¡ bastante forte este ano .|0
/l/disk1/awstebas/data/TTS/vozes_sync/Alfredo/1.0/expressivo_animado/wav16/expressivo_animado0005.wav|o discurso de encerramento foi brilhante .|0
/l/disk1/awstebas/data/TTS/vozes_sync/Alfredo/1.0/neutro/wav16/neutro0090.wav|sei que ãƒâ© complexo o controle de filas .|0
/l/disk1/awstebas/data/TTS/vozes_sync/Alfredo/1.0/expressivo_animado/wav16/expressivo_animado0028.wav|no mãƒâªs passado , cerca de trãƒâªs milhãƒâµes de pessoas foram ao rio amazonas .|0
/l/disk1/awstebas/data/TTS/vozes_sync/Alfredo/1.0/neutro/wav16/neutro0152.wav|todos dizem que se trata do pior filme da histãƒâ³ria do festival de cinema .|0
/l/disk1/awstebas/data/TTS/vozes_sync/Alfredo/1.0/expressivo_animado/wav16/expressivo_animado0063.wav|para ter sua mulher e seus familiares para sempre .|0
/l/disk1/awstebas/data/TTS/vozes_sync/Alfredo/1.0/neutro/wav16/neutro0093.wav|veja se a caixa inclui a bula original .|0
/l/disk1/awstebas/data/TTS/vozes_sync/Alfredo/1.0/neutro/wav16/neutro0070.wav|nãƒâ£o consegue uma audiãƒâªncia pãƒâºblica no s t f .|0
/l/disk1/awstebas/data/TTS/vozes_sync/Alfredo/1.0/neutro/wav16/neutro0124.wav|a ideia ãƒâ© do fotãƒâ³grafo , que montou um painel: brilho carioca .|0
/l/disk1/awstebas/data/TTS/vozes_sync/Alfredo/1.0/neutro/wav16/neutro0097.wav|nãƒâ£o houve tempo e a venda finalizou .|0
/l/disk1/awstebas/data/TTS/vozes_sync/Alfredo/1.0/neutro/wav16/neutro0144.wav|alexandre padilha , na ocasiãƒâ£o do conflito .|0
/l/disk1/awstebas/data/TTS/vozes_sync/Alfredo/1.0/expressivo_animado/wav16/expressivo_animado0139.wav|os ingressos custam poucos dãƒâ³lares atãƒâ© abril .|0
/l/disk1/awstebas/data/TTS/vozes_sync/Alfredo/1.0/neutro/wav16/neutro0098.wav|meu pai me inspirou no dia a dia .|0
/l/disk1/awstebas/data/TTS/vozes_sync/Alfredo/1.0/expressivo_animado/wav16/expressivo_animado0155.wav|antãƒâ´nio torna o game tranquilo .|0
/l/disk1/awstebas/data/TTS/vozes_sync/Alfredo/1.0/neutro/wav16/neutro0069.wav|com o apoio do jornal e do uol , foi uma tentativa de combater a corrupãƒâ§ãƒâ£o .|0
/l/disk1/awstebas/data/TTS/vozes_sync/Alfredo/1.0/neutro/wav16/neutro0024.wav|serviram alguns salgadinhos e chãƒâ¡ de hortelãƒâ£ .|0
/l/disk1/awstebas/data/TTS/vozes_sync/Alfredo/1.0/neutro/wav16/neutro0038.wav|foi tomada como uma forma de estimativa na bolsa de valores .|0
/l/disk1/awstebas/data/TTS/vozes_sync/Alfredo/1.0/neutro/wav16/neutro0145.wav|construiu um chalãƒâ© prãƒâ³ximo a um lago , que hoje em dia ãƒâ© um perigo .|0
/l/disk1/awstebas/data/TTS/vozes_sync/Alfredo/1.0/neutro/wav16/neutro0123.wav|nesse livro , o autor aborda a evoluãƒâ§ãƒâ£o do machismo em nossa sociedade .|0
/l/disk1/awstebas/data/TTS/vozes_sync/Alfredo/1.0/neutro/wav16/neutro0068.wav|votos para o mãƒâ©dico do hospital das clãƒâ­nicas de mato grosso .|0
/l/disk1/awstebas/data/TTS/vozes_sync/Alfredo/1.0/expressivo_animado/wav16/expressivo_animado0097.wav|nãƒâ£o houve tempo e a venda finalizou .|0
/l/disk1/awstebas/data/TTS/vozes_sync/Alfredo/1.0/expressivo_animado/wav16/expressivo_animado0061.wav|os leitores podem colaborar com esta rodada do jogo .|0
/l/disk1/awstebas/data/TTS/vozes_sync/Alfredo/1.0/expressivo_animado/wav16/expressivo_animado0163.wav|aberta candidatura de joaquim barbosa ao cargo .|0
/l/disk1/awstebas/data/TTS/vozes_sync/Alfredo/1.0/expressivo_animado/wav16/expressivo_animado0152.wav|todos dizem que se trata do pior filme da histãƒâ³ria do festival de cinema .|0
/l/disk1/awstebas/data/TTS/vozes_sync/Alfredo/1.0/expressivo_animado/wav16/expressivo_animado0048.wav|a ãƒâ¡gua pelo caminho provocou congestionamento , com veãƒâ­culos envolvidos em acidente .|0
/l/disk1/awstebas/data/TTS/vozes_sync/Alfredo/1.0/neutro/wav16/neutro0126.wav|o pib ruim ãƒâ© o fracasso de dilma russeff .|0
/l/disk1/awstebas/data/TTS/vozes_sync/Alfredo/1.0/neutro/wav16/neutro0149.wav|a partir de quinta-feira , os visitantes serãƒâ£o identificados atravãƒâ©s de um cartãƒâ£o magnãƒâ©tico .|0
/l/disk1/awstebas/data/TTS/vozes_sync/Alfredo/1.0/expressivo_animado/wav16/expressivo_animado0177.wav|o homem explica o dãƒâ©ficit com ajuda de aparelhos .|0
/l/disk1/awstebas/data/TTS/vozes_sync/Alfredo/1.0/neutro/wav16/neutro0087.wav|o hãƒâ¡bito vem de pequeno , afirma a mãƒâ£e , maria aparecida .|0
/l/disk1/awstebas/data/TTS/vozes_sync/Alfredo/1.0/expressivo_animado/wav16/expressivo_animado0171.wav|fifa ganhou a quinta nota tãƒâ©cnica .|0
/l/disk1/awstebas/data/TTS/vozes_sync/Alfredo/1.0/expressivo_animado/wav16/expressivo_animado0226.wav|amigos possãƒâ­veis de luiz filipe scolãƒâ¡ri .|0
/l/disk1/awstebas/data/TTS/vozes_sync/Alfredo/1.0/expressivo_animado/wav16/expressivo_animado0192.wav|provocou os amigos e os chamou para conversar .|0
/l/disk1/awstebas/data/TTS/vozes_sync/Alfredo/1.0/expressivo_animado/wav16/expressivo_animado0084.wav|em belo horizonte , o prãƒâªmio acumulou .|0
/l/disk1/awstebas/data/TTS/vozes_sync/Alfredo/1.0/expressivo_animado/wav16/expressivo_animado0138.wav|ensinou a usar sinalizadores , e , no entanto , a confusãƒâ£o ainda existe .|0
/l/disk1/awstebas/data/TTS/vozes_sync/Alfredo/1.0/expressivo_animado/wav16/expressivo_animado0036.wav|nos ãƒâºltimos cinco ou seis meses , nãƒâ£o se pronunciaram nas redes cibernãƒâ©ticas .|0
/l/disk1/awstebas/data/TTS/vozes_sync/Alfredo/1.0/expressivo_animado/wav16/expressivo_animado0091.wav|no aeroporto do galeãƒâ£o , solo negro passarãƒâ¡ por anãƒâ¡lise de origem .|0
/l/disk1/awstebas/data/TTS/vozes_sync/Alfredo/1.0/expressivo_animado/wav16/expressivo_animado0130.wav|nãƒâ£o ter sido rico como o lãƒâ­der supremo do irãƒâ£ , tem sua vantagem .|0
/l/disk1/awstebas/data/TTS/vozes_sync/Alfredo/1.0/expressivo_animado/wav16/expressivo_animado0047.wav|paãƒâ­s com um pouco mais de polãƒâ­tica externa , diz o especialista .|0
/l/disk1/awstebas/data/TTS/vozes_sync/Alfredo/1.0/expressivo_animado/wav16/expressivo_animado0119.wav|serãƒâ£o visitados china , formosa , panamãƒâ¡ , paraguai e venezuela .|0
/l/disk1/awstebas/data/TTS/vozes_sync/Alfredo/1.0/neutro/wav16/neutro0130.wav|nãƒâ£o ter sido rico como o lãƒâ­der supremo do irãƒâ£ , tem sua vantagem .|0
/l/disk1/awstebas/data/TTS/vozes_sync/Alfredo/1.0/neutro/wav16/neutro0039.wav|o suplemento de informãƒâ¡tica terãƒâ¡ cinquenta e nove pãƒâ¡ginas .|0
/l/disk1/awstebas/data/TTS/vozes_sync/Alfredo/1.0/neutro/wav16/neutro0012.wav|um grande artista rejeita conselhos de curiosos .|0
/l/disk1/awstebas/data/TTS/vozes_sync/Alfredo/1.0/expressivo_animado/wav16/expressivo_animado0115.wav|thiago silva , zagueiro , decidiu no pãƒâªnalti .|0
/l/disk1/awstebas/data/TTS/vozes_sync/Alfredo/1.0/expressivo_animado/wav16/expressivo_animado0038.wav|foi tomada como uma forma de estimativa na bolsa de valores .|0
/l/disk1/awstebas/data/TTS/vozes_sync/Alfredo/1.0/expressivo_animado/wav16/expressivo_animado0064.wav|chegou ãƒâ  marca de 60 por 19 horas de 11 de setembro .|0
/l/disk1/awstebas/data/TTS/vozes_sync/Alfredo/1.0/neutro/wav16/neutro0113.wav|se for ao reino da sibãƒâ©ria , busca ajuda da igreja americana .|0
/l/disk1/awstebas/data/TTS/vozes_sync/Alfredo/1.0/expressivo_animado/wav16/expressivo_animado0032.wav|a cesta bãƒâ¡sica traz o mãƒâ­nimo para as famãƒâ­lias dos funcionãƒâ¡rios .|0
/l/disk1/awstebas/data/TTS/vozes_sync/Alfredo/1.0/expressivo_animado/wav16/expressivo_animado0106.wav|a alianãƒâ§a entre cemitãƒâ©rio e crematãƒâ³rio africano .|0
/l/disk1/awstebas/data/TTS/vozes_sync/Alfredo/1.0/expressivo_animado/wav16/expressivo_animado0108.wav|por lavagem de dinheiro , acabou em oito prisãƒâµes .|0
/l/disk1/awstebas/data/TTS/vozes_sync/Alfredo/1.0/neutro/wav16/neutro0118.wav|na ãƒâºltima chance , sobe conforme o cãƒâ¢mbio .|0
/l/disk1/awstebas/data/TTS/vozes_sync/Alfredo/1.0/expressivo_animado/wav16/expressivo_animado0230.wav|do paraguai pra baixo , vamos pelo caminho .|0
/l/disk1/awstebas/data/TTS/vozes_sync/Alfredo/1.0/expressivo_animado/wav16/expressivo_animado0217.wav|vou aos jogos olãƒâ­mpicos de londres sozinho .|0
/l/disk1/awstebas/data/TTS/vozes_sync/Alfredo/1.0/expressivo_animado/wav16/expressivo_animado0124.wav|a ideia ãƒâ© do fotãƒâ³grafo , que montou um painel: brilho carioca .|0
/l/disk1/awstebas/data/TTS/vozes_sync/Alfredo/1.0/expressivo_animado/wav16/expressivo_animado0195.wav|hãƒâ¡ dez automãƒâ³veis com o nome de rodrigues .|0
/l/disk1/awstebas/data/TTS/vozes_sync/Alfredo/1.0/expressivo_animado/wav16/expressivo_animado0017.wav|a chuva de granizo deixou marcas no telhado do ginãƒâ¡sio .|0
/l/disk1/awstebas/data/TTS/vozes_sync/Alfredo/1.0/expressivo_animado/wav16/expressivo_animado0085.wav|chanceler em jerusalãƒâ©m , pode nos dar mais detalhes .|0
/l/disk1/awstebas/data/TTS/vozes_sync/Alfredo/1.0/neutro/wav16/neutro0137.wav|ganho de petrãƒâ³leo e gãƒâ¡s , do grupo ebx , no mãƒâªs que vem .|0
/l/disk1/awstebas/data/TTS/vozes_sync/Alfredo/1.0/expressivo_animado/wav16/expressivo_animado0007.wav|a declaraãƒâ§ãƒâ£o do ministro sobre a flutuaãƒâ§ãƒâ£o do dãƒâ³lar ãƒâ© ambãƒâ­gua .|0
/l/disk1/awstebas/data/TTS/vozes_sync/Alfredo/1.0/expressivo_animado/wav16/expressivo_animado0052.wav|ãƒâ‰ melhor do que em 2010 , quanto ãƒâ s refeiãƒâ§ãƒâµes e passeios .|0
/l/disk1/awstebas/data/TTS/vozes_sync/Alfredo/1.0/expressivo_animado/wav16/expressivo_animado0050.wav|medidas de mercado ocupam a maior parte das feitas pelo parlamentar .|0
/l/disk1/awstebas/data/TTS/vozes_sync/Alfredo/1.0/expressivo_animado/wav16/expressivo_animado0224.wav|o torcedor foi recebido em almoãƒâ§o no canadãƒâ¡ .|0
/l/disk1/awstebas/data/TTS/vozes_sync/Alfredo/1.0/neutro/wav16/neutro0003.wav|vãƒâ¡rios atletas tiveram um desempenho muito abaixo do esperado .|0
/l/disk1/awstebas/data/TTS/vozes_sync/Alfredo/1.0/expressivo_animado/wav16/expressivo_animado0057.wav|em junho de 1995 , fizeram as duas obras .|0
/l/disk1/awstebas/data/TTS/vozes_sync/Alfredo/1.0/neutro/wav16/neutro0116.wav|nãƒâ³s somos uma dupla que planeja viajar de imediato .|0
/l/disk1/awstebas/data/TTS/vozes_sync/Alfredo/1.0/expressivo_animado/wav16/expressivo_animado0072.wav|para comentar a sabatina promovida , disse o treinador .|0
/l/disk1/awstebas/data/TTS/vozes_sync/Alfredo/1.0/expressivo_animado/wav16/expressivo_animado0071.wav|esclareceu sobre a vitãƒâ³ria por 3 a 0 nos pãƒâªnaltis .|0
/l/disk1/awstebas/data/TTS/vozes_sync/Alfredo/1.0/neutro/wav16/neutro0027.wav|a primeira cidade a 313 quilãƒâ´metros ãƒâ© o rio de janeiro .|0
/l/disk1/awstebas/data/TTS/vozes_sync/Alfredo/1.0/neutro/wav16/neutro0121.wav|a cãƒâ´rte indicou que as examinarãƒâ¡ , diz agãƒâªncia russa .|0
/l/disk1/awstebas/data/TTS/vozes_sync/Alfredo/1.0/expressivo_animado/wav16/expressivo_animado0142.wav|grife de florianãƒâ³polis para a classe mãƒâ©dia .|0
/l/disk1/awstebas/data/TTS/vozes_sync/Alfredo/1.0/expressivo_animado/wav16/expressivo_animado0076.wav|desde o inãƒâ­cio , viu as projeãƒâ§ãƒâµes para os meninos de rua .|0
/l/disk1/awstebas/data/TTS/vozes_sync/Alfredo/1.0/expressivo_animado/wav16/expressivo_animado0150.wav|o conforto e a fartura das residãƒâªncias mais ricas contrasta com a pobreza da periferia .|0
/l/disk1/awstebas/data/TTS/vozes_sync/Alfredo/1.0/expressivo_animado/wav16/expressivo_animado0178.wav|gabinete do inglãƒâªs tem seu nome .|0
/l/disk1/awstebas/data/TTS/vozes_sync/Alfredo/1.0/neutro/wav16/neutro0128.wav|na usp sugerem que hãƒâ¡ droga mais antiga .|0
/l/disk1/awstebas/data/TTS/vozes_sync/Alfredo/1.0/neutro/wav16/neutro0075.wav|disse que nãƒâ£o tinha a intenãƒâ§ãƒâ£o de deixar a sua conta no banco .|0
/l/disk1/awstebas/data/TTS/vozes_sync/Alfredo/1.0/expressivo_animado/wav16/expressivo_animado0157.wav|o nãƒâ­vel de consumo tendeu a subir em novembro .|0
/l/disk1/awstebas/data/TTS/vozes_sync/Alfredo/1.0/neutro/wav16/neutro0030.wav|nasceu em 1934 , pelas mãƒâ£os de parteira domiciliar .|0
/l/disk1/awstebas/data/TTS/vozes_sync/Alfredo/1.0/neutro/wav16/neutro0084.wav|em belo horizonte , o prãƒâªmio acumulou .|0
/l/disk1/awstebas/data/TTS/vozes_sync/Alfredo/1.0/expressivo_animado/wav16/expressivo_animado0165.wav|defensor de ronaldinho continua sendo fundamental .|0
/l/disk1/awstebas/data/TTS/vozes_sync/Alfredo/1.0/neutro/wav16/neutro0108.wav|por lavagem de dinheiro , acabou em oito prisãƒâµes .|0
/l/disk1/awstebas/data/TTS/vozes_sync/Alfredo/1.0/expressivo_animado/wav16/expressivo_animado0082.wav|de abril atãƒâ© agora , foi exclusivamente pela televisãƒâ£o .|0
/l/disk1/awstebas/data/TTS/vozes_sync/Alfredo/1.0/expressivo_animado/wav16/expressivo_animado0099.wav|o ãƒâ³rgãƒâ£o da saãƒâºde quis reunir os jovens no twitter .|0
/l/disk1/awstebas/data/TTS/vozes_sync/Alfredo/1.0/neutro/wav16/neutro0134.wav|de modo que ãƒâ© seguro usar o relãƒâ³gio de ouro .|0
/l/disk1/awstebas/data/TTS/vozes_sync/Alfredo/1.0/expressivo_animado/wav16/expressivo_animado0037.wav|pelos ãƒâºltimos 40 anos e por uma cirurgia que ainda nãƒâ£o foi marcada .|0
/l/disk1/awstebas/data/TTS/vozes_sync/Alfredo/1.0/expressivo_animado/wav16/expressivo_animado0127.wav|o coordenador perde o peso que adquiriu em sãƒâ£o bernardo .|0
/l/disk1/awstebas/data/TTS/vozes_sync/Alfredo/1.0/neutro/wav16/neutro0045.wav|governadores da oposiãƒâ§ãƒâ£o querem reforma tributãƒâ¡ria e fiscal .|0
/l/disk1/awstebas/data/TTS/vozes_sync/Alfredo/1.0/expressivo_animado/wav16/expressivo_animado0200.wav|advogado veio saber sobre os pisos salariais prãƒâ³prios .|0
/l/disk1/awstebas/data/TTS/vozes_sync/Alfredo/1.0/neutro/wav16/neutro0066.wav|pagos aos produtores em 49 vezes , por causa da chuva .|0
/l/disk1/awstebas/data/TTS/vozes_sync/Alfredo/1.0/expressivo_animado/wav16/expressivo_animado0133.wav|joãƒâ£o cãƒâ¢ndido chegou logo a seguir , em segundo lugar .|0
/l/disk1/awstebas/data/TTS/vozes_sync/Alfredo/1.0/neutro/wav16/neutro0086.wav|ãƒâ‰ isso que vinha dizendo o grupo islãƒâ¢mico hamas .|0
/l/disk1/awstebas/data/TTS/vozes_sync/Alfredo/1.0/expressivo_animado/wav16/expressivo_animado0039.wav|o suplemento de informãƒâ¡tica terãƒâ¡ cinquenta e nove pãƒâ¡ginas .|0
/l/disk1/awstebas/data/TTS/vozes_sync/Alfredo/1.0/neutro/wav16/neutro0071.wav|esclareceu sobre a vitãƒâ³ria por 3 a 0 nos pãƒâªnaltis .|0
/l/disk1/awstebas/data/TTS/vozes_sync/Alfredo/1.0/expressivo_animado/wav16/expressivo_animado0012.wav|um grande artista rejeita conselhos de curiosos .|0
/l/disk1/awstebas/data/TTS/vozes_sync/Alfredo/1.0/neutro/wav16/neutro0013.wav|idosos se utilizam da banda larga livre .|0
/l/disk1/awstebas/data/TTS/vozes_sync/Alfredo/1.0/neutro/wav16/neutro0036.wav|nos ãƒâºltimos cinco ou seis meses , nãƒâ£o se pronunciaram nas redes cibernãƒâ©ticas .|0
/l/disk1/awstebas/data/TTS/vozes_sync/Alfredo/1.0/neutro/wav16/neutro0029.wav|e a primeira vez que o nome do brasil aparece nesta publicaãƒâ§ãƒâ£o .|0
/l/disk1/awstebas/data/TTS/vozes_sync/Alfredo/1.0/expressivo_animado/wav16/expressivo_animado0023.wav|deve crescer o desempenho do setor automotivo .|0
/l/disk1/awstebas/data/TTS/vozes_sync/Alfredo/1.0/neutro/wav16/neutro0143.wav|leva joaquim ãƒâ  turquia em duas semanas .|0
/l/disk1/awstebas/data/TTS/vozes_sync/Alfredo/1.0/expressivo_animado/wav16/expressivo_animado0153.wav|permanecer em sala de aula e discutir o assunto .|0
/l/disk1/awstebas/data/TTS/vozes_sync/Alfredo/1.0/expressivo_animado/wav16/expressivo_animado0118.wav|na ãƒâºltima chance , sobe conforme o cãƒâ¢mbio .|0
/l/disk1/awstebas/data/TTS/vozes_sync/Alfredo/1.0/expressivo_animado/wav16/expressivo_animado0003.wav|vãƒâ¡rios atletas tiveram um desempenho muito abaixo do esperado .|0
/l/disk1/awstebas/data/TTS/vozes_sync/Alfredo/1.0/expressivo_animado/wav16/expressivo_animado0081.wav|tinham empregos na secretaria da saãƒâºde , declarou .|0
/l/disk1/awstebas/data/TTS/vozes_sync/Alfredo/1.0/expressivo_animado/wav16/expressivo_animado0074.wav|o caso foi registrado no julgamento .|0
/l/disk1/awstebas/data/TTS/vozes_sync/Alfredo/1.0/neutro/wav16/neutro0132.wav|daniel ãƒâ© quem tem que detectar todo o luxo do veãƒâ­culo .|0
/l/disk1/awstebas/data/TTS/vozes_sync/Alfredo/1.0/neutro/wav16/neutro0096.wav|joãƒâ£o diz que , em curitiba , obteve os mãƒâ­sseis do ataque .|0
/l/disk1/awstebas/data/TTS/vozes_sync/Alfredo/1.0/expressivo_animado/wav16/expressivo_animado0205.wav|tentou criar um reino unido e sustentãƒâ¡vel .|0
/l/disk1/awstebas/data/TTS/vozes_sync/Alfredo/1.0/neutro/wav16/neutro0052.wav|ãƒâ‰ melhor do que em 2010 , quanto ãƒâ s refeiãƒâ§ãƒâµes e passeios .|0
/l/disk1/awstebas/data/TTS/vozes_sync/Alfredo/1.0/expressivo_animado/wav16/expressivo_animado0093.wav|veja se a caixa inclui a bula original .|0
/l/disk1/awstebas/data/TTS/vozes_sync/Alfredo/1.0/expressivo_animado/wav16/expressivo_animado0135.wav|a samsung quebrou inãƒâºmeras patentes .|0
/l/disk1/awstebas/data/TTS/vozes_sync/Alfredo/1.0/expressivo_animado/wav16/expressivo_animado0140.wav|sãƒâ£o as cinco em vigor dentro da ãƒâ¡rea .|0
/l/disk1/awstebas/data/TTS/vozes_sync/Alfredo/1.0/expressivo_animado/wav16/expressivo_animado0031.wav|a implantaãƒâ§ãƒâ£o de uma rede de identificaãƒâ§ãƒâ£o comeãƒâ§ou neste trimestre .|0
/l/disk1/awstebas/data/TTS/vozes_sync/Alfredo/1.0/neutro/wav16/neutro0042.wav|para o mercado de trabalho , vocãƒâªs tem que se sobressair na entrevista coletiva .|0
/l/disk1/awstebas/data/TTS/vozes_sync/Alfredo/1.0/expressivo_animado/wav16/expressivo_animado0145.wav|construiu um chalãƒâ© prãƒâ³ximo a um lago , que hoje em dia ãƒâ© um perigo .|0
/l/disk1/awstebas/data/TTS/vozes_sync/Alfredo/1.0/expressivo_animado/wav16/expressivo_animado0059.wav|disseram que eles foram justos com o crãƒâ©dito da companhia .|0
/l/disk1/awstebas/data/TTS/vozes_sync/Alfredo/1.0/expressivo_animado/wav16/expressivo_animado0107.wav|pagou para ver se o japonãƒâªs era famoso no texas , mas nãƒâ£o teve sucesso .|0
/l/disk1/awstebas/data/TTS/vozes_sync/Alfredo/1.0/expressivo_animado/wav16/expressivo_animado0207.wav|buraco na ãƒâ¡rvore sempre foi assim .|0
/l/disk1/awstebas/data/TTS/vozes_sync/Alfredo/1.0/neutro/wav16/neutro0005.wav|o discurso de encerramento foi brilhante .|0
/l/disk1/awstebas/data/TTS/vozes_sync/Alfredo/1.0/expressivo_animado/wav16/expressivo_animado0109.wav|um pacote da onu , pedindo calma nessa hora .|0
/l/disk1/awstebas/data/TTS/vozes_sync/Alfredo/1.0/expressivo_animado/wav16/expressivo_animado0191.wav|e eu que tenho que falar com a imprensa .|0
/l/disk1/awstebas/data/TTS/vozes_sync/Alfredo/1.0/neutro/wav16/neutro0101.wav|a polãƒâ­cia afirmou que a morte era inexplicãƒâ¡vel , inimaginãƒâ¡vel .|0
/l/disk1/awstebas/data/TTS/vozes_sync/Alfredo/1.0/expressivo_animado/wav16/expressivo_animado0079.wav|vãƒâ¡rias fãƒâ¡bricas fecharam com o aumento da pirataria .|0
/l/disk1/awstebas/data/TTS/vozes_sync/Alfredo/1.0/expressivo_animado/wav16/expressivo_animado0176.wav|nosso desejo ãƒâ© que envelheãƒâ§amos felizes e em boa forma .|0
/l/disk1/awstebas/data/TTS/vozes_sync/Alfredo/1.0/expressivo_animado/wav16/expressivo_animado0066.wav|pagos aos produtores em 49 vezes , por causa da chuva .|0
/l/disk1/awstebas/data/TTS/vozes_sync/Alfredo/1.0/expressivo_animado/wav16/expressivo_animado0024.wav|serviram alguns salgadinhos e chãƒâ¡ de hortelãƒâ£ .|0
/l/disk1/awstebas/data/TTS/vozes_sync/Alfredo/1.0/neutro/wav16/neutro0099.wav|o ãƒâ³rgãƒâ£o da saãƒâºde quis reunir os jovens no twitter .|0
/l/disk1/awstebas/data/TTS/vozes_sync/Alfredo/1.0/expressivo_animado/wav16/expressivo_animado0068.wav|votos para o mãƒâ©dico do hospital das clãƒâ­nicas de mato grosso .|0
/l/disk1/awstebas/data/TTS/vozes_sync/Alfredo/1.0/neutro/wav16/neutro0062.wav|ciãƒâªncia deu a liberaãƒâ§ãƒâ£o para experiãƒâªncias com explosãƒâ£o .|0
/l/disk1/awstebas/data/TTS/vozes_sync/Alfredo/1.0/neutro/wav16/neutro0048.wav|a ãƒâ¡gua pelo caminho provocou congestionamento , com veãƒâ­culos envolvidos em acidente .|0
/l/disk1/awstebas/data/TTS/vozes_sync/Alfredo/1.0/neutro/wav16/neutro0033.wav|os rebeldes da universidade decretaram situaãƒâ§ãƒâ£o de ocupaãƒâ§ãƒâ£o .|0
/l/disk1/awstebas/data/TTS/vozes_sync/Alfredo/1.0/expressivo_animado/wav16/expressivo_animado0120.wav|sigilo da google funciona muito bem .|0
/l/disk1/awstebas/data/TTS/vozes_sync/Alfredo/1.0/expressivo_animado/wav16/expressivo_animado0053.wav|o projeto de fazer a economia na regiãƒâ£o de santos , na ãƒâ©poca , nãƒâ£o deu em nada .|0
/l/disk1/awstebas/data/TTS/vozes_sync/Alfredo/1.0/expressivo_animado/wav16/expressivo_animado0189.wav|retornar a energia para pousos e decolagens .|0
/l/disk1/awstebas/data/TTS/vozes_sync/Alfredo/1.0/neutro/wav16/neutro0028.wav|no mãƒâªs passado , cerca de trãƒâªs milhãƒâµes de pessoas foram ao rio amazonas .|0
/l/disk1/awstebas/data/TTS/vozes_sync/Alfredo/1.0/expressivo_animado/wav16/expressivo_animado0147.wav|e ãƒâ© a primeira vez que o nome do brasil aparece nesta publicaãƒâ§ãƒâ£o .|0
/l/disk1/awstebas/data/TTS/vozes_sync/Alfredo/1.0/expressivo_animado/wav16/expressivo_animado0083.wav|algumas noites na polinãƒâ©sia francesa , e talvez fique atãƒâ© o fim do mãƒâªs .|0
/l/disk1/awstebas/data/TTS/vozes_sync/Alfredo/1.0/expressivo_animado/wav16/expressivo_animado0113.wav|se for ao reino da sibãƒâ©ria , busca ajuda da igreja americana .|0
/l/disk1/awstebas/data/TTS/vozes_sync/Alfredo/1.0/expressivo_animado/wav16/expressivo_animado0015.wav|vamos unir o ãƒâºtil ao agradãƒâ¡vel .|0
/l/disk1/awstebas/data/TTS/vozes_sync/Alfredo/1.0/expressivo_animado/wav16/expressivo_animado0174.wav|mas a lentidãƒâ£o assumiu o ensino na escola .|0
/l/disk1/awstebas/data/TTS/vozes_sync/Alfredo/1.0/neutro/wav16/neutro0139.wav|os ingressos custam poucos dãƒâ³lares atãƒâ© abril .|0
/l/disk1/awstebas/data/TTS/vozes_sync/Alfredo/1.0/neutro/wav16/neutro0063.wav|para ter sua mulher e seus familiares para sempre .|0
/l/disk1/awstebas/data/TTS/vozes_sync/Alfredo/1.0/neutro/wav16/neutro0136.wav|na campanha , o clima interno ãƒâ© o pior exemplo .|0
/l/disk1/awstebas/data/TTS/vozes_sync/Alfredo/1.0/neutro/wav16/neutro0129.wav|coelho em cartaz divulgado no site .|0
/l/disk1/awstebas/data/TTS/vozes_sync/Alfredo/1.0/neutro/wav16/neutro0009.wav|o chefe do partido assumiu uma postura otimista durante a campanha eleitoral .|0
/l/disk1/awstebas/data/TTS/vozes_sync/Alfredo/1.0/neutro/wav16/neutro0065.wav|manifestantes nas mãƒâ£os da vila espanhola , na avenida 8 de dezembro .|0
/l/disk1/awstebas/data/TTS/vozes_sync/Alfredo/1.0/neutro/wav16/neutro0015.wav|vamos unir o ãƒâºtil ao agradãƒâ¡vel .|0
/l/disk1/awstebas/data/TTS/vozes_sync/Alfredo/1.0/expressivo_animado/wav16/expressivo_animado0009.wav|o chefe do partido assumiu uma postura otimista durante a campanha eleitoral .|0
/l/disk1/awstebas/data/TTS/vozes_sync/Alfredo/1.0/neutro/wav16/neutro0041.wav|diretamente da inglaterra , a produãƒâ§ãƒâ£o industrial sofreu com a estabilizaãƒâ§ãƒâ£o .|0
/l/disk1/awstebas/data/TTS/vozes_sync/Alfredo/1.0/expressivo_animado/wav16/expressivo_animado0199.wav|abrir o placar na vila belmiro .|0
/l/disk1/awstebas/data/TTS/vozes_sync/Alfredo/1.0/expressivo_animado/wav16/expressivo_animado0158.wav|como se fosse bom ser fernando henrique cardoso .|0
/l/disk1/awstebas/data/TTS/vozes_sync/Alfredo/1.0/expressivo_animado/wav16/expressivo_animado0069.wav|com o apoio do jornal e do uol , foi uma tentativa de combater a corrupãƒâ§ãƒâ£o .|0
/l/disk1/awstebas/data/TTS/vozes_sync/Alfredo/1.0/expressivo_animado/wav16/expressivo_animado0132.wav|daniel ãƒâ© quem tem que detectar todo o luxo do veãƒâ­culo .|0
/l/disk1/awstebas/data/TTS/vozes_sync/Alfredo/1.0/expressivo_animado/wav16/expressivo_animado0179.wav|candidatura do uruguai ao cargo de titular .|0
/l/disk1/awstebas/data/TTS/vozes_sync/Alfredo/1.0/expressivo_animado/wav16/expressivo_animado0089.wav|do cãƒâ¢mbio seguinte atãƒâ© abril .|0
/l/disk1/awstebas/data/TTS/vozes_sync/Alfredo/1.0/expressivo_animado/wav16/expressivo_animado0060.wav|irregularidades na campanha para o candidato do psdb .|0
/l/disk1/awstebas/data/TTS/vozes_sync/Alfredo/1.0/expressivo_animado/wav16/expressivo_animado0065.wav|manifestantes nas mãƒâ£os da vila espanhola , na avenida 8 de dezembro .|0
/l/disk1/awstebas/data/TTS/vozes_sync/Alfredo/1.0/expressivo_animado/wav16/expressivo_animado0148.wav|a carta de pero vaz de caminha ãƒâ© o principal registro histãƒâ³rico do descobrimento .|0
/l/disk1/awstebas/data/TTS/vozes_sync/Alfredo/1.0/expressivo_animado/wav16/expressivo_animado0203.wav|admitiu que teve um ataque no jogo de julho .|0
/l/disk1/awstebas/data/TTS/vozes_sync/Alfredo/1.0/expressivo_animado/wav16/expressivo_animado0104.wav|apãƒâ³s muitas negociaãƒâ§ãƒâµes , declarou reduzir os tãƒâ­tulos da dãƒâ­vida .|0
/l/disk1/awstebas/data/TTS/vozes_sync/Alfredo/1.0/expressivo_animado/wav16/expressivo_animado0222.wav|um projeto vai analisar o impacto da tecnologia em zonas rurais .|0
/l/disk1/awstebas/data/TTS/vozes_sync/Alfredo/1.0/expressivo_animado/wav16/expressivo_animado0198.wav|o objetivo ãƒâ© que me deixem na academia de futebol .|0
/l/disk1/awstebas/data/TTS/vozes_sync/Alfredo/1.0/expressivo_animado/wav16/expressivo_animado0156.wav|bombas de gãƒâ¡s lacrimogãƒâªneo atingiram crianãƒâ§as e adolescentes .|0
/l/disk1/awstebas/data/TTS/vozes_sync/Alfredo/1.0/expressivo_animado/wav16/expressivo_animado0122.wav|jãƒâ¡ ãƒâ© o anãƒâºncio da assessoria .|0
/l/disk1/awstebas/data/TTS/vozes_sync/Alfredo/1.0/expressivo_animado/wav16/expressivo_animado0054.wav|a cotaãƒâ§ãƒâ£o de mil metros quadrados estãƒâ¡ no limite do capital .|0
/l/disk1/awstebas/data/TTS/vozes_sync/Alfredo/1.0/expressivo_animado/wav16/expressivo_animado0014.wav|basta enviar o nome e se identificar .|0
/l/disk1/awstebas/data/TTS/vozes_sync/Alfredo/1.0/neutro/wav16/neutro0044.wav|ãƒâ‰ como disputar uma prova para retirar as pessoas .|0
/l/disk1/awstebas/data/TTS/vozes_sync/Alfredo/1.0/expressivo_animado/wav16/expressivo_animado0070.wav|nãƒâ£o consegue uma audiãƒâªncia pãƒâºblica no s t f .|0
/l/disk1/awstebas/data/TTS/vozes_sync/Alfredo/1.0/expressivo_animado/wav16/expressivo_animado0043.wav|ãƒâ‰ preciso ter condiãƒâ§ãƒâµes de aguardar pelos prãƒâ³ximos candidatos .|0
/l/disk1/awstebas/data/TTS/vozes_sync/Alfredo/1.0/expressivo_animado/wav16/expressivo_animado0162.wav|morreu ao buscar poder .|0
/l/disk1/awstebas/data/TTS/vozes_sync/Alfredo/1.0/expressivo_animado/wav16/expressivo_animado0112.wav|ele mesmo caãƒâ§ou e empalhou o bicho .|0
/l/disk1/awstebas/data/TTS/vozes_sync/Alfredo/1.0/neutro/wav16/neutro0106.wav|a alianãƒâ§a entre cemitãƒâ©rio e crematãƒâ³rio africano .|0
/l/disk1/awstebas/data/TTS/vozes_sync/Alfredo/1.0/neutro/wav16/neutro0054.wav|a cotaãƒâ§ãƒâ£o de mil metros quadrados estãƒâ¡ no limite do capital .|0
/l/disk1/awstebas/data/TTS/vozes_sync/Alfredo/1.0/neutro/wav16/neutro0002.wav|ninguãƒâ©m conhece um jeito melhor para escalar esta montanha .|0
/l/disk1/awstebas/data/TTS/vozes_sync/Alfredo/1.0/neutro/wav16/neutro0050.wav|medidas de mercado ocupam a maior parte das feitas pelo parlamentar .|0
/l/disk1/awstebas/data/TTS/vozes_sync/Alfredo/1.0/neutro/wav16/neutro0081.wav|tinham empregos na secretaria da saãƒâºde , declarou .|0
/l/disk1/awstebas/data/TTS/vozes_sync/Alfredo/1.0/expressivo_animado/wav16/expressivo_animado0058.wav|observatãƒâ³rio sãƒâ­rio de direitos humanos inaugurou durante o carnaval .|0
/l/disk1/awstebas/data/TTS/vozes_sync/Alfredo/1.0/neutro/wav16/neutro0035.wav|de acordo com a pm , assaltaram a caixa econãƒâ´mica federal .|0
/l/disk1/awstebas/data/TTS/vozes_sync/Alfredo/1.0/expressivo_animado/wav16/expressivo_animado0116.wav|nãƒâ³s somos uma dupla que planeja viajar de imediato .|0
/l/disk1/awstebas/data/TTS/vozes_sync/Alfredo/1.0/neutro/wav16/neutro0092.wav|as vãƒâ­timas acreditam que seu agressor nãƒâ£o resistiu e morreu .|0
/l/disk1/awstebas/data/TTS/vozes_sync/Alfredo/1.0/neutro/wav16/neutro0053.wav|o projeto de fazer a economia na regiãƒâ£o de santos , na ãƒâ©poca , nãƒâ£o deu em nada .|0
/l/disk1/awstebas/data/TTS/vozes_sync/Alfredo/1.0/expressivo_animado/wav16/expressivo_animado0117.wav|usar tambãƒâ©m outro aplicativo , ou definir melhor os disponãƒâ­veis .|0
/l/disk1/awstebas/data/TTS/vozes_sync/Alfredo/1.0/expressivo_animado/wav16/expressivo_animado0094.wav|observam os caminhãƒâµes levando petrãƒâ³leo .|0
/l/disk1/awstebas/data/TTS/vozes_sync/Alfredo/1.0/neutro/wav16/neutro0014.wav|basta enviar o nome e se identificar .|0
/l/disk1/awstebas/data/TTS/vozes_sync/Alfredo/1.0/expressivo_animado/wav16/expressivo_animado0168.wav|o golpe por telefone era global .|0
/l/disk1/awstebas/data/TTS/vozes_sync/Alfredo/1.0/neutro/wav16/neutro0089.wav|do cãƒâ¢mbio seguinte atãƒâ© abril .|0
/l/disk1/awstebas/data/TTS/vozes_sync/Alfredo/1.0/expressivo_animado/wav16/expressivo_animado0126.wav|o pib ruim ãƒâ© o fracasso de dilma russeff .|0
/l/disk1/awstebas/data/TTS/vozes_sync/Alfredo/1.0/expressivo_animado/wav16/expressivo_animado0019.wav|britãƒâ¢nico que chegou ao empate com o atacante .|0
/l/disk1/awstebas/data/TTS/vozes_sync/Alfredo/1.0/expressivo_animado/wav16/expressivo_animado0181.wav|o marido foi condenado ãƒâ  cadeia .|0
/l/disk1/awstebas/data/TTS/vozes_sync/Alfredo/1.0/expressivo_animado/wav16/expressivo_animado0225.wav|se tudo der certo , esta tese me darãƒâ¡ um tãƒâ­tulo .|0
/l/disk1/awstebas/data/TTS/vozes_sync/Alfredo/1.0/neutro/wav16/neutro0135.wav|a samsung quebrou inãƒâºmeras patentes .|0
/l/disk1/awstebas/data/TTS/vozes_sync/Alfredo/1.0/expressivo_animado/wav16/expressivo_animado0159.wav|trate essa ãƒâ¡rvore com carinho e ela crescerãƒâ¡ bonita e vistosa .|0
/l/disk1/awstebas/data/TTS/vozes_sync/Alfredo/1.0/expressivo_animado/wav16/expressivo_animado0216.wav|a idãƒâ©ia ãƒâ© comeãƒâ§ar devagar e ir melhorando aos poucos .|0
/l/disk1/awstebas/data/TTS/vozes_sync/Alfredo/1.0/expressivo_animado/wav16/expressivo_animado0172.wav|ela tambãƒâ©m citou as ameaãƒâ§as ao repãƒâ³rter andrãƒâ© caramante .|0
/l/disk1/awstebas/data/TTS/vozes_sync/Alfredo/1.0/expressivo_animado/wav16/expressivo_animado0096.wav|joãƒâ£o diz que , em curitiba , obteve os mãƒâ­sseis do ataque .|0
/l/disk1/awstebas/data/TTS/vozes_sync/Alfredo/1.0/neutro/wav16/neutro0055.wav|para preparar o orãƒâ§amento , pretende escolher o que estãƒâ¡ pronto .|0
/l/disk1/awstebas/data/TTS/vozes_sync/Alfredo/1.0/neutro/wav16/neutro0051.wav|a delegaãƒâ§ãƒâ£o estava presente em campos do jordãƒâ£o .|0
/l/disk1/awstebas/data/TTS/vozes_sync/Alfredo/1.0/expressivo_animado/wav16/expressivo_animado0027.wav|a primeira cidade a 313 quilãƒâ´metros ãƒâ© o rio de janeiro .|0
/l/disk1/awstebas/data/TTS/vozes_sync/Alfredo/1.0/expressivo_animado/wav16/expressivo_animado0042.wav|para o mercado de trabalho , vocãƒâªs tem que se sobressair na entrevista coletiva .|0
/l/disk1/awstebas/data/TTS/vozes_sync/Alfredo/1.0/expressivo_animado/wav16/expressivo_animado0229.wav|edmundo jogou brilhantemente e garantiu a goleada vascaãƒâ­na .|0
/l/disk1/awstebas/data/TTS/vozes_sync/Alfredo/1.0/expressivo_animado/wav16/expressivo_animado0040.wav|um modelo com duas operadoras de telecomunicaãƒâ§ãƒâµes .|0
/l/disk1/awstebas/data/TTS/vozes_sync/Alfredo/1.0/expressivo_animado/wav16/expressivo_animado0022.wav|a evoluãƒâ§ãƒâ£o da guerra entre israelenses e palestinos .|0
/l/disk1/awstebas/data/TTS/vozes_sync/Alfredo/1.0/neutro/wav16/neutro0059.wav|disseram que eles foram justos com o crãƒâ©dito da companhia .|0
/l/disk1/awstebas/data/TTS/vozes_sync/Alfredo/1.0/neutro/wav16/neutro0049.wav|a famãƒâ­lia anunciou que nãƒâ£o vai fazer previsãƒâ£o para a manutenãƒâ§ãƒâ£o automotiva .|0
/l/disk1/awstebas/data/TTS/vozes_sync/Alfredo/1.0/expressivo_animado/wav16/expressivo_animado0197.wav|o rock dos anos 80 fez valer a pena o sãƒâ©culo 19 .|0
/l/disk1/awstebas/data/TTS/vozes_sync/Alfredo/1.0/expressivo_animado/wav16/expressivo_animado0088.wav|tanto tempo fora das quadras custou-lhe a lideranãƒâ§a do ranking .|0
/l/disk1/awstebas/data/TTS/vozes_sync/Alfredo/1.0/expressivo_animado/wav16/expressivo_animado0105.wav|a compania compra o ouro bruto e o revende ãƒâ s joalherias .|0
/l/disk1/awstebas/data/TTS/vozes_sync/Alfredo/1.0/neutro/wav16/neutro0022.wav|a evoluãƒâ§ãƒâ£o da guerra entre israelenses e palestinos .|0
/l/disk1/awstebas/data/TTS/vozes_sync/Alfredo/1.0/expressivo_animado/wav16/expressivo_animado0166.wav|siga o twãƒâ­tter pelo feicebook .|0
/l/disk1/awstebas/data/TTS/vozes_sync/Alfredo/1.0/expressivo_animado/wav16/expressivo_animado0013.wav|idosos se utilizam da banda larga livre .|0
/l/disk1/awstebas/data/TTS/vozes_sync/Alfredo/1.0/expressivo_animado/wav16/expressivo_animado0129.wav|coelho em cartaz divulgado no site .|0
/l/disk1/awstebas/data/TTS/vozes_sync/Alfredo/1.0/expressivo_animado/wav16/expressivo_animado0044.wav|ãƒâ‰ como disputar uma prova para retirar as pessoas .|0
/l/disk1/awstebas/data/TTS/vozes_sync/Alfredo/1.0/expressivo_animado/wav16/expressivo_animado0146.wav|juros pela taxa selic acumulada , afetarãƒâ£o a economia global .|0
/l/disk1/awstebas/data/TTS/vozes_sync/Alfredo/1.0/expressivo_animado/wav16/expressivo_animado0196.wav|o flamengo luta pela liga regular da n bi ei .|0
/l/disk1/awstebas/data/TTS/vozes_sync/Alfredo/1.0/expressivo_animado/wav16/expressivo_animado0110.wav|sem reservas , lia sobre os recursos naturais .|0
/l/disk1/awstebas/data/TTS/vozes_sync/Alfredo/1.0/expressivo_animado/wav16/expressivo_animado0161.wav|o vasco volta atrãƒâ¡s .|0
/l/disk1/awstebas/data/TTS/vozes_sync/Alfredo/1.0/expressivo_animado/wav16/expressivo_animado0002.wav|ninguãƒâ©m conhece um jeito melhor para escalar esta montanha .|0
/l/disk1/awstebas/data/TTS/vozes_sync/Alfredo/1.0/neutro/wav16/neutro0131.wav|a terra , apontava o estudo , era maior que a lua .|0
/l/disk1/awstebas/data/TTS/vozes_sync/Alfredo/1.0/expressivo_animado/wav16/expressivo_animado0004.wav|as estatãƒâ­sticas oficiais mostram o avanãƒâ§o do desemprego na indãƒâºstria .|0
/l/disk1/awstebas/data/TTS/vozes_sync/Alfredo/1.0/expressivo_animado/wav16/expressivo_animado0212.wav|queremos saber que marco aurãƒâ©lio foi preso .|0
/l/disk1/awstebas/data/TTS/vozes_sync/Alfredo/1.0/neutro/wav16/neutro0100.wav|ainda assim teremos o programa nuclear iraniano .|0
/l/disk1/awstebas/data/TTS/vozes_sync/Alfredo/1.0/neutro/wav16/neutro0088.wav|tanto tempo fora das quadras custou-lhe a lideranãƒâ§a do ranking .|0
/l/disk1/awstebas/data/TTS/vozes_sync/Alfredo/1.0/expressivo_animado/wav16/expressivo_animado0183.wav|dizer que realiza a vigilãƒâ¢ncia na ãƒâ¡rea .|0
/l/disk1/awstebas/data/TTS/vozes_sync/Alfredo/1.0/expressivo_animado/wav16/expressivo_animado0067.wav|hãƒâ¡ o uso de grande quantidade de soldados no iraque .|0
/l/disk1/awstebas/data/TTS/vozes_sync/Alfredo/1.0/neutro/wav16/neutro0122.wav|jãƒâ¡ ãƒâ© o anãƒâºncio da assessoria .|0
/l/disk1/awstebas/data/TTS/vozes_sync/Alfredo/1.0/expressivo_animado/wav16/expressivo_animado0231.wav|sempre brinca com o bordãƒâ£o que o popularizou atualmente .|0
/l/disk1/awstebas/data/TTS/vozes_sync/Alfredo/1.0/neutro/wav16/neutro0021.wav|aeronave a etanol sãƒâ£o menores .|0
/l/disk1/awstebas/data/TTS/vozes_sync/Alfredo/1.0/expressivo_animado/wav16/expressivo_animado0041.wav|diretamente da inglaterra , a produãƒâ§ãƒâ£o industrial sofreu com a estabilizaãƒâ§ãƒâ£o .|0
/l/disk1/awstebas/data/TTS/vozes_sync/Alfredo/1.0/neutro/wav16/neutro0072.wav|para comentar a sabatina promovida , disse o treinador .|0
/l/disk1/awstebas/data/TTS/vozes_sync/Alfredo/1.0/neutro/wav16/neutro0107.wav|pagou para ver se o japonãƒâªs era famoso no texas , mas nãƒâ£o teve sucesso .|0
/l/disk1/awstebas/data/TTS/vozes_sync/Alfredo/1.0/expressivo_animado/wav16/expressivo_animado0123.wav|nesse livro , o autor aborda a evoluãƒâ§ãƒâ£o do machismo em nossa sociedade .|0
/l/disk1/awstebas/data/TTS/vozes_sync/Alfredo/1.0/expressivo_animado/wav16/expressivo_animado0201.wav|o talibãƒâ£ lanãƒâ§ou uma ofensiva ontem .|0
/l/disk1/awstebas/data/TTS/vozes_sync/Alfredo/1.0/neutro/wav16/neutro0103.wav|ganho mensal direto na folha .|0
